Item,Preço
Pack Isotônico Gatorade Sabor Tangerina 500ml 6 Unidades,21.59
Pack Cerveja Stella Artois Lata 269ml - 08 Unidades,23.71
Pack Isotônico Gatorade Morango E Maracujá 500ml 6 Unidades,21.59
Vinho Chileno Tinto Carménère Chilano 750ml,17.92
Jack Daniel's Fire Estados Unidos da América 1 L,129.9
Pack Cerveja Original Lata 269ml Com 8 Unidades,21.52
Pack Água Tônica Antarctica Diet Lata 350ml 12 Unidades,29.69
Cachaça Indiazinha Jambu - 750ml,21.59
Pack Isotônico Gatorade Sabor Limão Garrafa 500ml 6 Unidades,99.99
Chivas Regal 12 Años Scotch escocês 750 mL,41.88
Cerveja Spaten Munich Helles Lata 350ml - Pack Com 12 Unid,14.69
Pack Guaraná Antarctica Garrafa 200ml 12 Unidades,5.75
"Chá Lipton Ice Tea Pêssego Zero Açúcar Garrafa 1,5 Litros",87.99
Cerveja Heineken Barril 5 Litros,25.79
Água Tônica Antarctica Gengibre Lata 269ml Com 15 Unidades,68.47
Ballantine's Blended Finest Reino Unido 750 mL,28.67
Pack Cerveja Stella Artois Sem Glúten Garrafa 330ml - 06 Un,29.69
"Refrigerante Zero Açúcar Guaraná Antarctica Garrafa 1,5l",6.79
Pack Água Tônica Antarctica Lata 350ml 12 Unidades,48.9
"Refrigerante Limoneto H2Oh! 1,5 Litro",9.79
Whisky Natu Nobilis 1000ml,45.89
Cerveja Argentina Amber Lager Patagonia Garrafa 740ml,41.9
Conhaque Nacional Coquetel Composto Domecq 1 Litro,21.59
Johnnie Walker Blended Gold Reino Unido 750 mL,39.8
Cerveja Lager Lata Budweiser 310ml 15 Unidades,79.91
Pack Isotônico Gatorade Uva Garrafa 500ml 6 Unidades,5.59
Espumante Brut Branco Chileno Chardonnay Pinot Noir 750ml,9.49
Johnnie Walker Blended Red Label Reino Unido 1 L,25.79
Cerveja Belga Witbier Hoegaarden Long Neck 330ml,18.9
Suco De Uva E Maça Natural One - 900ml,66.33
Água Tônica Antarctica Zero 269ml Com 15 Unidades,68.61
Pack Cerveja Budweiser Lata 269ml - 08 Unidades,5.75
Espumante Cava Freixenet Cordon Negro Brut 750ml,129.9
Vodka Destilada Absolut Garrafa 750ml,35.9
"Chá Lipton Sabor Limão Zero Garrafa 1,5 Litros",7.49
Whisky Jack Daniel's Old No. 7  Original - 1 Litro,5.09
Pack cerveja Puro Malte Bohemia lata 15 unidades 310ml cada uma,25.46
Água de Coco Kero Coco 1 Litro,8.39
Chá Gaseificado Baer-mate Garrafa 350ml,6.29
Pack Cerveja Budweiser 330 Ml Long Neck Com 6 Unidades,36.29
Água de Coco Do Bem 1 Litro,99.9
Cerveja Americana Goose Island Midway Long Neck 355ml,43.74
Rum Brasileiro Carta Branca Bacardi Garrafa 980ml,23.7
Gin Tanqueray Export Strength London Dry 750 mL clássico,12.99
Pack Energético Red Bull Lata 6 Unidades 250ml Cada,12.9
"Suco de Uva Integral Campo Largo 1,35 Litro",12.99
Conhaque Composto Gengibre Presidente Garrafa 900ml,12.9
Whisky Americano Jack Daniel's Honey Garrafa 1 Litro,129.9
Cerveja De Trigo Belga Witbier Lata 269ml 8unid Hoegaarden,39.92
Água Tônica Riverside Light 269ml Pack Com 6,44.99
Refrigerante de Laranja Sukita Pet 2 Litros,5.09
Jameson Tridestilado Irlanda 750 mL,85.25
Suco de Goiaba Do Bem 1 Litro,6.89
Johnnie Walker Blended Red Label Reino Unido 750 mL,81.9
Cerveja Budweiser American Lager lata 350ml 12 u,40.71
Chá Mate Gaseificado Baer-mate Lata 269ml Pack 6un,47.94
Suco De Laranja Natural One Temperatura Ambiente 2l,16.9
Whisky Bell's Blended Reino Unido 700ml,37.9
Cerveja Cerpa Export Garrafa 350ml,6.75
Suco de Caju Do Bem 1 Litro,6.89
Pack Isotônico Gatorade Sabor Laranja 500ml 6 Unidades,21.59
Whisky Jack Daniel's Honey Premium 1 Litro,129.9
Pack Cerveja Beck's Puro Malte Lata 350ml Com 8 Unidades   ,33.96
Vinho Riccitelli This Is Not Another Lovely Malbec 750ml,129.63
Pack Antarctica Soda Limonada Zero Lata 350ml 12 Unidades,27.99
Jameson Whiskey Irlandês 750ml,85.25
Suco de laranja  Natural One  Ambiente sem glúten 180 ml pack x 6,97.9
Licor Fino Irish Cream Baileys Garrafa 750ml,6.29
Água De Coco Taeq 1 Litro,99.99
Grand Old Parr Blended 12 Reino Unido 750 mL,45.44
Cerveja Delirium Tremens Belgian Ale 330ml,10.9
Bebida Kiro Switchel De Maçã E Pimenta Jiquitaia 300ml ,20.9
Steinhaeger Becosa Garrafa 980ml,29.94
Pack Cerveja Alemã Becks Garrafa 330ml Com 6 Unidades,6.89
Refrigerante Pepsi Garrafa 2 Litros,59.9
"Vodka Destilada Smirnoff Garrafa 1,75l",139.9
Whisky Buchanan S Deluxe 12 Anos 750ml,36.49
Pack Bebida Mista Skol Beats Senses Lata 269ml 8 Unidades,29.52
Espumante Italiano Donelli Moscato Dolce 750ml ,49.9
Aperitivo Bitter Vermelhão Garrafa 700ml,129.99
Chivas Regal 12 Años Scotch escocês 1 L,26.94
Pack Cerveja Stella Artois Garrafa 275ml - 6 Unidades,32.9
Vinho Tinto Seco Santa Helena Carménère 750ml,37.99
Espuma Gengibre Para Drinks E Bebidas Moscow Mule Gin Begin,375.99
Chivas Regal Blended Gold Signature 18 Reino Unido 750 mL,23.94
Pack Cerveja Pilsen Puro Malte Eisenbahn Garrafa 6 Unidades 355ml Cada,56.69
Licor Stock Blue Curacao Gfa 720ml,21.55
Conhaque Dreher 900ml,599.9
Whisky Japonês Hibiki Harmony Suntory 700ml,17.75
Cerveja Weiss Garrafa 500ml Imigração,379.9
Whisky Japonês The Chita 700ml,9.99
Cerveja Wals Session One Way 600ml,17.92
Cerveja Wals Session One Way 600ml,9.99
Vinho Chileno Sauvignon Blanc Chilano 750ml,17.92
"Refrigerante Limão Zero Açúcar H2OH! Garrafa 1,5l",6.79
Cachaça Marc Amburana De Alambique Envelhecida Ouro 700ml,65.36
Dewar's Blended The Ancestor 12 Reino Unido 750 mL,109.9
Pack Com 12 Cervejas Lager Puro Malte Lata 350ml Amstel,34.9
Energético Fusion Loud 1 Litro,7.49
Suco de goiaba  Maguary concentrado sem glúten 500 ml ,6.79
Jameson Caskmates IPA Edition Tridestilado Irlanda 750 mL,124.9
Cerveja Colorado Appia Garrafa 600ml,9.79
Suco De Laranja Natural One 180ml Pack Com 6 Unidades,42.34
Cappuccino Sem Adição De Açúcar América 1kg,135.9
Whisky Jack Daniel's Apple 1litro,9.79
Cerveja Colorado Indica Garrafa 600ml,5.09
Refrigerante de Uva Sukita Pet 2 Litros,39.9
Saquê Seco Jun Daiti Garrafa 670ml,5.99
Bebida Mista Gaseificada Ice Smirnoff 269ml,68.9
Whisky White Horse 1 Litro,6.99
Cerveja Americana IPA Goose Island Long Neck 355ml,58.79
Suco De Tomate Tabasco Bloody Mary Mix Garrafa 946ml,15.39
Água De Coco Integral Villa Piva 1 Litro,224.9
Whisky Johnnie Walker Double Black 1000ml,9.79
Cerveja Colorado Demoiselle Garrafa 600ml,28.99
Leite De Soja Soymilke Morango Sem Lactose Sem Glúten 300g,45.9
Licor Fino Stock Peach Sabor Pêssego 720ml - Original,129.99
Whisky Esc Chivas Regal 12an 1l,26.7
Pack Cerveja Baden Ipa Lata 350ml Com 6 Unidades,21.59
Pack Isotônico Gatorade Maracujá 500ml Garrafa 6 Unidades,58.99
Tabasco Bloody Mary Mix Suco De Tomate Importado 946ml,134.9
Whisky Americano Jack Daniel's Garrafa 1 Litro,25.39
Pack Refrigerante Antarctica Zero Guaraná Lata 350ml 12 Unid,171.9
Vermouth Carpano Punt E Mes 1000ml,44.9
Rum Brasileiro Carta Ouro Bacardi Garrafa 980ml,268.9
Bulleit Bourbon Estados Unidos da América 750 mL,9.79
Cerveja Colorado Ribeirão Lager Garrafa 600ml,95.99
Vinho Tinto Italiano Primitivo Di Manduria La Piuma 750 Ml,61.49
Néctar Uva Qualitá Caixa 1l,5.29
Whisky Black  White Escocês 8 Anos 1 Litro - Original,107.29
Cerveja Eisenbahn American Ipa 350ml,16.9
Licor Jagermeister 700ml,599.9
Suco de laranja  Natural One  Ambiente sem glúten 2 L ,9.79
Whisky Japonês Suntory Hibiki Harmony 700ml,7.29
Cerveja Belgian White Ale Blue Moon 355ml,20.99
Água De Coco Carrefour 1 Litro,29.9
Vinho Tinto Seco Malbec Sutil 750ml,12.99
Gin Dry Theros 1 L,35.12
Água De Coco Sococo 200ml - 24 Unidades,65.99
Aperitivo De Ervas Aperol Garrafa 750ml - Original,45.9
Uísque Blended Cutty Sark Reino Unido 1 L Com Cartucho,65.99
Pack Cerveja Mexicana Sol Garrafa 330ml Com 6 Unidades,33.99
Vinho Espanhol Tinto Garnacha Syrah Esteban Martín 750ml,40.57
Chá Verde Laranja E Gengibre Feel Good Caixa 1l,5.09
Whisky Escocês Gold Label Reserve 750ml Johnnie Walker,74.89
Kit Cervejas Importadas Paulaner - 2 Garrafas 500ml Com Copo,43.62
Refrigerante Cola Zero Açúcar Wewi Pack Com 6 Garrafas 255ml,97.26
Gin Tanqueray London Dry 750ml Gim Original + Nf + Ipi,65.99
Cutty Sark Blended Reino Unido 1 L,6.29
Cerveja Goose Island Midway Session Ipa 355ml,29.12
Espumante Brasileiro Branco Demi-Sec Salton Chardonnay Prosecco Trebbiano Serra Gaúcha Garrafa 750ml,89.99
Vermute Aureah Rossa 750ml,53.75
Licor Absinto Habitue - 700 Ml - Original,106.82
Whisky Fireball Com Licor De Canela 750ml,26.9
Cerveja Colorado Ribeirão Lager Lata 350ml,99.06
Vinho Branco Doce Reservado Spritzer Conha Y Toro 750ml,119.9
Licor Fino Café Etíope Amarula 750ml,9.79
Whisky Jim Beam White 1l ,74.99
Cerveja Argentina Bohemiam Pilsener Patagonia Garrafa 740ml,5.69
Nutridrink Protein Senior Café Com Leite 750g,291.99
Néctar De Uva Tial 1 Litro,9.79
Jack Daniel's Single Barrel Select Estados Unidos da América 750 mL,71.99
Cerveja Argentina Weisse Patagonia Garrafa 740ml,20.99
Souvenaid Com 4 Unidades Sabor Baunilha 125ml,109.9
Saque Azuma Mirim Saque 500ml Tempero Sushi Japones Jp,38.85
Whisky Escocês 12 Anos 750ml Dewar's,47.99
Pack Cerveja Original Pilsen Antarctica Lata 269ml Com 15,36.19
Espuma Café Cremoso Espuma Easy Drink Cremosa,289.99
Pack Bebida Gaseificada Limoneto H2oh! Garrafa 500ml 12 Unid,52.9
Whisky 18 Anos Old Parr 750ml,118.29
Pack Cerveja Pilsen Skol Lata 18 Unidades 350ml Cada Embalagem Econômica,39.9
Vinho San Marzano Il Pumo Primitivo Salento | Kit Com 6 Grfs,34.07
Água De Coco Sococo 1l - 12 Unidades,119.9
Black & White Blended Reino Unido 700 mL,229.99
Cerveja Eisenbahn Hilda Mestre Cervejeiro: Ano 10. Session IPA 355ml,26.7
"Suco De Tangerina Integral Mitto - 1,5l",16.39
Tequila José Cuervo Ouro 750ml,169.59
Néctar Laranja Qualitá Caixa 1l,45.44
Whisky Americano Bourbon Woodford Reserve Garrafa 750ml,47.25
Pack Cerveja Baden Witbier Lata 350ml Com 6 Unidades,61.49
Whisky Escocês Black & White 8 Anos 1 Litro,61.49
Cerveja Argentina Bohemian Pilsener Patagonia Long Neck 355ml,5.49
Chá Verde Feel Good Caixa 1l,41.9
Licor Fino Stock Curaçau Tradicional 720ml - Original,159.99
Whisky Jack Daniels Honey 1l + Caneca Original Nota Fiscal ,23.95
Pack Cerveja Serramalte Lata 350ml Com 6 Unidades,11.73
Suco De Manga Qualitá 1 Litro,11.75
Groselha Cereser 1l,99.99
Filtrado Doce Brasileiro Branco Del Sole Garrafa 660ml,34.99
Chivas Regal Whisky 12 Anos Escocês 750ml,5.39
Cerveja Uruguaia Norteña 960ml Importada Envio Imediato,19.9
Água De Coco Esterilizada Coco Quadrado Caixa 1l,187.32
Catuaba Em Pó Pura 1 Kg Della Terra,16.99
Whisky Single Malte Escocês 12 Anos 750ml The Singleton,6.79
Cerveja Antuérpia Belgian Tripel 500ml,26.7
Aloevera Suco De Aloe Vera Gel Bebida Vegano Babosa Puro,66.33
Suco de abacaxi  Maguary concentrado sem glúten 500 ml ,64.99
Pack Cerveja Baden Cristal Lata 350ml Com 6 Unidades,40.89
Espumante Cava Freixenet Cordon Negro Brut 750ml,198.99
Cachaça De Jambu Meu Garoto 700ml - Promoção!,51.49
Refrigerante Guaraná Zero Açúcar Wewi Pack Com 6 Latas 350ml,129.9
Whisky Americano Maker's Mark 750ml,12.59
Cerveja Caracu Lata 350ml Com 12 Unidades,61.56
Whisky Jack Daniel's Tennesee Nº7 1 Litro,39.95
Cerveja Bock Tião Com Rapadura Black Princess Garrafa 600ml,189.9
Aperitivo De Ervas Amaro Underberg Brasilberg 920ml,9.49
Caixa Com 27 Suco Néctar De Uva Ebah Caixinha 200ml,60.35
Johnnie Walker Blended Double Black Reino Unido 1 L,131.12
Cerveja Leuven Golden Ale King 500ml,119.9
Mini Espumante Freixenet Prosecco Doc - 200ml,61.56
Licor Amarula Vegan 750ml,10.9
Whisky Jameson Triple Distilled 750ml,37.9
Aperitivo de Ervas Underberg Brasilberg Garrafa 920ml,12.49
Cerveja Golden Ale Baden Baden 600ml,189.99
Refil Filtro Purificador Água Electrolux Pa21g Pa26g Pa31g,104.9
Suco Funcional de Cranberry Juxx 1 Litro,139.9
Whisky Americano Gentleman Jack Daniel's Garrafa 1l,105.99
Cerveja Patagonia Bohemian Pilsener 355 Ml Long Neck,577.18
Coquetel Alcoólico Negroni Campari Garrafa 500ml,18.39
Saque Sake Hakushika Josen Honjozo Shu Importado 720ml,999.99
Whisky Jim Beam Honey 1l ,45.49
Cerveja Eisenbahn Session Ipa Long Neck 355 Ml,10.9
Kit 6 Vinho Tinto Argentino Malbec Original Importado Barato,48.9
Café Pilão Cafeteria Italiano Vácuo 500g,23.31
Natu Nobilis Blended Brasil 1 L,48.9
Cerveja Brahma Lata 350ml 18 Unidades,51.3
Pack Refrigerante sem Açúcar Coca-Cola Mini Lata 6 Unidades 220ml Cada,28.29
Licor Dulce De Leche Cream Don Luiz Doce De Leite 750ml C/nf,82.55
Whisky Finest 1 Litro William Lawson's,69.82
Cerveja Puro Malte Lata 8 Unidades 269ml Stella Artois,25.9
Celebrate 660ml,11.39
Vinho tinto seco Cabernet Sauvignon 8KM Reserva Especial 2019 750 ml,27.9
Whisky Johnnie Walker Gold Label - 750ml,6.99
Cerveja Goose Island Ipa Garrafa 355ml,10.08
Suco Cranberry Yai Zero Açucar  1l,76.89
Espumante Argentino Rosé Brut Cuvée Réserve Mumm Chardonnay Pinot Noir Mendoza Garrafa 750ml,68.9
Whisky Escocês White Horse 8 Anos 1 Litro,133.65
Moonshine Juan Caloto Widow Maker Joe - 700ml,47.89
Pack Cerveja Antarctica Original Lata 350ml Com 12 Unidades,86.92
Vodka Original Suécia 1 Litro Absolut,48.99
Suco De Uva Qualitá 1 Litro,19.99
Uísque Passport Honey Mel 670ml ,53.25
Cerveja Paulaner Munchner Hell 500ml,5.89
Espumante Espanhol Branco Zero Álcool Freixenet Garrafa 750ml,117.15
Refrigerante De Guaraná Sukita Tubaína 2l - Original,51.49
Jim Beam Bourbon Estados Unidos da América 1 L,36.9
Cerveja Brahma Malzbier 350ml Com 12 Unidades,40.9
Espuma Para Drinks Bebidas Gin Vodka Moscow Mule Morango,134.16
Licor Stock Anisette Creme De Anis 720ml,28.69
Whisky Escocês 12 Anos 1 Litro Chivas Regal,31.39
Vinho Espumante Nacional Natural Branco Brut Salton 750ml,21.19
Pack Cerveja Bavaria Lata 350ml Com 12 Unidades,12.29
"Nutrição Enteral Nutri Enteral Soya 1,2 Kcal/ml 1l",159.99
Suco de uva e maçã  Natural One  Ambiente sem glúten 1.5 L ,41.9
Jack Daniel's Honey 1l Whisky Kit Com Caneca De Vidro,20.09
Cerveja Budweiser Lager Lata 310 Ml 15 Unidades,12.99
Pack Refrigerante Itubaína Retrô Lata 350ml 12 Unidades,49.99
Cachaça Tradicional 51 Garrafa 965ml,32.65
Whisky Escocês Blended William Lawson's Garrafa 1l,6.15
Pack Cerveja Burguesa Pilsen 350ml Com 12 Unidades,54.9
Refrigerante Cola Zero Açúcar Pepsi Garrafa 2l,159.9
Vinho Branco Meio Seco Casal Garcia Premium Aveleda 750ml,17.91
Whisky Jim Beam Rye 700 Ml,9.79
Vinho Chileno Tinto Seco Chilano Vintage Collection Merlot Central Valley Garrafa 750ml,45.6
Cerveja Baden Baden Cristal Garrafa 600ml,159.9
Espumante Nacional Moscatel Casa Perini 750mL,229.99
Licor Limoncello Villa Massa 700ml,9.79
Woodford Reserve Kentucky Straight Bourbon Whisky 750ml,52.49
Cerveja Colorado Demoiselle Garrafa 600ml,71.66
Whisky Escocês Chivas Regal 18 Anos  - 750 Ml,375.99
Cerveja Stella Artois 330ml - Pack Com 6 Unidades,32.94
Hidromel Philip Mead  - Suave 500ml,71.66
Água de Coco Kero Coco 330ml,125.9
Whisky Ballantines 12 Anos 1000ml,9.99
Cerveja Wals Belgian Witte One Way 600ml,49.9
Espuma De Gengibre Easy Drinks Para Moscow Mule,49.99
Italakinho Sabor Chocolate 200ml Bebida Láctea - Kit 24unid.,16.9
Jack Daniels Lata 330ml Whisky Drink Com Cola Original,41.4
Rio Sol Espumante Brut Rosé 750ml,26.13
Cerveja Puro Malte Lager Premium Com 8 Latas 269ml Heineken,97.17
Cachaça Pindorama 750ml,38.16
Espumante Brasileiro Branco Brut Garibaldi Chardonnay Serra Gaúcha Garrafa 750ml,37.9
Bell's Blended Reino Unido 700 mL,29.94
Cerveja Spaten Puro Malte 355ml -  Pack Com 6 Unidades,10.9
Bebida Kiro Switchel De Cupuaçu E Cumaru 310ml,34.19
"Vinho Tinto Reservado Cabernet Sauvignon Magnum Garrafa 1,5l",67.06
Whisky Escocês Cutty Sark 1 Litro,39.99
"Cerveja Becks, Puro Malte, 350ml Lata - Pack 8",5.99
Bebida Orgânica Pink Lemonade Poder da Terra Caixa 1l,43.9
Licor Fino Triple Sec Marie Brizard Garrafa 700ml,758.99
Whisky Japonês Hibiki Suntory Garrafa 750ml,39.99
Vinho tinto seco Carménère Casillero del Diablo Reserva 2018 adega Concha y Toro 750 ml,9.79
Cerveja Colorado Cauim Garrafa 600ml,9.59
Jack Daniel's Honey E Lemonade 330ml,24.78
Chanceler 1l,129.9
Whisky Americano Jack Daniel's Fire Garrafa 1l,15.7
Cerveja Lager Münchner Hell Paulaner Lata 500ml,36.95
Espumante Brasileiro Branco Brut Réserve Chandon Baby Chardonnay Garrafa 187ml,244.9
Cachaça Premium 7 Madeiras - 750ml,8.9
Whisky The Glenlivet Founders Reserve 750ml - Single Malt,5.99
Cerveja Easy Ipa Roleta Russa 350ml,49.21
Água Tônica Antarctica Zero Açúcar Garrafa 1l,67.9
Vinho Português Putos Tinto Carmim Alentejo 750 Ml   ,5.99
Johnnie Walker Blended Red Label Reino Unido 750ml,999.9
Chá Sabor Híbisco Com Frutas Vermelhas Qualitá 1 Litro,17.9
Cerveja Coruja Lager Lata 350ml,27.9
Chá Branco Sabor Erva Cidreira Qualitá 1 Litro,63.99
Whisky Royal Salute 21 Anos,9.45
Suco De Uva E Maçã Natural One Temperatura Ambiente 2l,88.9
Cerveja Erdinger Weissbier 500ml,35.94
Rum Caribenho Saborizado Coco Malibu Garrafa 750ml,59.9
"Red Bull Energy Drink 250 Ml, Energético, Lata Única",35.94
Whisky Johnnie Walker Red Label 1 Litro,57.76
Pack Cerveja Pilsen Corona Garrafa 6 Unidades 330ml Cada,35.94
Cachaça Gabriela Paratiana 700 Ml - Cravo E Canela,57.76
Whisky Br Blended Old Eight Garraf 900ml,42.9
Soju Sochu Coreano Peach Pessego Chum Churum 12% Coreia ,38.99
Cerveja Duvel Belgian Strong Golden Ale 330ml,33.59
Refrigerante Guaraná Antarctica Garrafa 3l,9.39
Rio Sol Espumante Brut Branco 750ml,45.7
Kit Premium Caixa Whisky Jack Daniels 375ml + Copo + Dosador,198.9
Cerveja Alemã Paulaner Hefe Weissbier Lata Original - 500ml,17.99
Suco De Maçã Natural One 180ml Pack Com 6 Unidades,17.5
Vinho tinto suave Uvas Diversas Góes Original adega Vinícola Góes 750 ml,9.79
Whisky The Singleton Dufftown 12 Anos Garrafa 750ml,169.59
Vinho Argentino Rose Malbec Crios 750ml,40.69
Pack Cerveja Patagonia Amber Lager Gfa 355ml C 12 Unidades,52.68
Cachaça Bananinha D'gusta 750 Ml - Licor,88.1
Whisky Escocês Blended Johnnie Walker Blonde Garrafa 750ml,99.9
Espumante Branco Brut Terranova Blanc De Blancs Miolo 750ml,33.43
Pack Cerveja Pale Ale Puro Malte Eisenbahn Lata350ml  6 Unid,23.7
Aperitivo Bitter Vermelhão Garrafa 700ml,45.99
Whisky Deluxe 12 Anos 750ml Buchanan's,177.22
Espumante Demi-sec Branco Arte Elegance Casa Valduga 750ml,53.99
Cerveja Stella Artois Lager 330ml,5.79
Licor Fino Vanilla Spice Amarula Garrafa 750ml,91.55
Kit Cachaças Santo Grau Clássicas 375ml,120.39
Whisky Cutty Sark 8 Anos 1000ml,67.79
Cerveja Colorado Vixnu Garrafa 600ml,9.79
Pack Mini Espumante Monte Paschoal Moscatel Rose 12x187ml,198.9
Pack Refrigerante Cola Pepsi Lata 12 Unidades 350ml Cada,27.99
Whisky Johnnie Walker Black Label 12 Anos - 750ml,104.9
Pack Refrigerante Antarctica Guaraná Lata 350ml 12 Unidades,31.89
Cerveja Paulaner Kit Dunkel+ Weissbier + Munchner  500ml,66.99
Arak Habitue 720ml Araq Araque Leite De Leão ,59.75
Whisky Johnnie Walker Double Black Label 12 Anos - 1 Litro,189.9
Cerveja Paulaner Weissbier 500ml,17.99
Licor Doce De Leite Argentino Bardêra ,64.9
Sidra Cereser 660ml,12.86
Johnnie Walker Blended Red Label Reino Unido 50 mL,16.72
Cerveja Pilsen Garrafa 500ml Imigração,20.29
Refrigerante Ginger Prata Lata 269ml Com 6 Unidades,11.47
Energético Flying Horse Garrafa 2l,383.26
Cardhu Single Malt 12 Reino Unido 1 L,15.79
Suco Integral de Maçã Villa Piva 1 litro,9.99
Cerveja Baden Baden Golden Garrafa 600ml,77.69
Licor Amaretto Dell' Orso Garrafa 700ml,26.96
The Glenlivet Single Malt Founder's Reserve Reino Unido 750 mL,27.9
Vinho Frisante Lambrusco Rosso - 750ml,7.89
Whisky Jack Daniel's Fire Canela,79.8
Kit Cerveja Hb Hofbräu ( 01 Cerveja + 01 Caneca 1 Litro ),34.89
Vermute Branco Martini Garrafa 750ml,59.9
Licor Banana Gold 500ml,68.84
Whisky Red Label 750ml C/ Nota Fiscal E Selo Ipi,54.9
Energético Reign Alta Performance Orange Dream 6 Latas 473ml,23.94
Pack Cerveja Eisenbahn Pilsen Puro Malte Long 355ml 6 Un,66.52
Licor Creme Original Baileys Garrafa 375ml,267.9
Whisky Escocês Blended Chivas Regal XV Garrafa 750ml,102.08
Vinho tinto seco Cabernet Sauvignon Robert Mondavi 2016 adega Woodbridge Winery 750 ml,55.95
Cerveja Leopolina Belgian Tripel 750ml,23.05
Shake De Cookies'n Cream Linea 330g,53.9
Whisky Black E White Orange 700ml,17.19
"Suco Concentrado Aurora Integral De Uva Garrafa 1,5 Litros",17.99
Cerveja Paulaner Lemon Radler Lata 500ml - Alemã,59.14
Café Illy Sachês E.s.e. Intenso - 18un,198.99
Maker's Mark Bourbon Estados Unidos da América 750 mL,10.98
Vinho Tinto De Mesa Seco Chalise Salton 750ml,118.9
Recharge Isotônico Repositor 4:1 Dux Nutrition 1kg Abacaxi,107.9
Whisky Grand Old Parr Escocês 12 Anos 750ml,24.9
Vinho Tinto Seco Concha Y Toro Reservado Merlot 750ml,9.79
Cerveja Colorado Indica Garrafa 600ml,27.15
Vinho Espumante Nacional Rosé Doce Moscatel Salton 750ml,46.8
Black & White Orange Infused Reino Unido 700 mL,29.99
Refrigerante Lemon Sour Orgânico Wewi Pack 6 Garrafas 255ml,23.7
Pack Cerveja American Ipa Puromalte Eisenbahn Lata350ml 6un,36.99
Vodka Smirnoff Garrafa 998ml,70.35
Vinho Argentino Dv Catena Cabernet Malbec Cx 6 Unidades ,38.29
Whisky Escocês Blended Black & White Garrafa 1l,34.93
Cerveja Skol Pilsen lata 350ml 12 u,18.9
Espumante Brasileiro Branco Brut Garibaldi Prosecco Serra Gaúcha Garrafa 750ml,949.9
Vinho Tinto Casa Crebar 2018 Cabernet Sauvignon,60.9
Whisky Single Malt The Macallan 12 Anos Sherry Oak 700ml,5.79
Caixa C/27un Água De Coco Quadrado Caixinha De 200ml,79.99
Cerveja Stella Artois Sem Glúten Long Neck 330ml,7.99
Brandy Osborne Garrafa 700ml,31.15
Whisky Escocês Blended Black Label Johnnie Walker Garrafa 50ml,445.9
Refrigerante Guaraná Antarctica 2 Litros,45.63
Cerveja Samuel Adams Boston Lager - Pack 6 X 355ml,23.94
Espumante Salton Brut 750ml,20.99
Buchanan's Blended Special Reserve 18 Reino Unido 750 mL,357.43
Espumante Brasileiro Rosé Brut Casa Perini Serra Gaúcha Garrafa 750ml,59.99
Cerveja Argentina Amber Lager Patagonia Long Neck 355ml,27.9
Vinho Tinto 8km Carménère Chileno 750ml,27.9
Whisky Escocês Johnnie Walker Blue Label Garrafa 750ml,999.99
"Suco De Laranja Natural One Temperatura Ambiente 1,5l",11.7
Cerveja Colorado Appia Honey Wheat Ale Garrafa 600ml,9.79
Espumante Demi-sec Branco Arte Elegance Casa Valduga 750ml,55.28
Old Eight Blended Brasil 900 mL,36.95
Vinho tinto seco Carménère 8KM Reserva Especial 2018 750 ml,34.9
Pack 6 Cervejas Blue Moon Witbier Importada 355ml - Bélgica,79.97
Vodka Ciroc Redberry 750ml,153.9
Pack Refrigerante H2oh Citrus Garrafa 500ml 12 Unidades,32.15
Dewar's Blended White Label Reino Unido 750 mL,69.93
Aperitivo Underberg Lata 12 Mini C/20 Ml,11.79
Cerveja Therezópolis Jade IPA 500ml,81.15
Frappé Davinci Baunilha 1kg,491.18
Johnnie Walker Blended Green Label 15 Reino Unido 750 mL,78.99
Vinho Freixenet Pinot Grigio Branco 750ml,12.9
Cerveja Wals Belgian Witte 600ml,39.84
Refrigerante Guaraná Orgânico Wewi Pack Com 6 Garrafas 255ml,547.34
Green Label Whisky 15 Anos 750ml C/ Nota Fiscal E Selo Ipi,33.89
Vinho De Mesa Tinto Suave Bordo Pergola 1 Lt Novo Zanotto,50.94
Cerveja Baden Baden Peach - Pack Com 6 Unidades,58.72
Cachaça Jambu Meu Garoto 700ml,68.25
Whisky Escocês Passport Blended 1l,17.9
Suco de uva tinto  Garibaldi sem glúten 1.5 L ,7.35
Refrigerante Guaraná Fanta Garrafa 2l,9.29
Cerveja Black Princess Gold American Lager 600ml,38.16
Espumante Branco Brut Chardonnay Garibaldi 750ml,15.39
Whisky Single Malt The Macallan 12 Anos Sherry Oak 700ml,10.9
Suco De Tomate Integral Superbom Garrafa 1 Litro,39.59
Cerveja Imperial IPA Puro Malte Roleta Russa Lata 350ml,164.99
Gin Rose 1 Litro Apogee,14.9
Buffalo Trace Bourbon Estados Unidos da América 750 mL,25.9
"Suco De Uva E Maçã Natural One Temperatura Ambiente 1,5l",137.46
Pack Cerveja Stella Artois Lata 269ml - 8 Unidades,119.82
Licor Fino Laranja Cointreau Garrafa 700ml,12.15
Whisky Dewars 12 Anos 750ml - C/ Nota Fiscal E Selo Ipi,10.9
Cereser Maçã Sem Álcool 660ml,19.99
Bebida Kiro - Sabor Maracujá E Cúrcuma - 310ml,58.72
Cerveja Paulaner Weissbier 500ml,168.37
Cachaça De Jambu Meu Garoto 700mL,125.8
Buffalo Trace Kentucky Straight Bourbon Whisky C/nfe E Ipi,43.69
Copo Para Bebidas - Água Café Suco - 150ml 2500 Caixa Full,7.49
Kit 6 Cerveja Long Neck Pabst Blue Ribbon 355ml Garrafa,348.68
Água De Coco Esterilizada Caixa 1 Litro Kero Coco,18.9
Whisky Glenfiddich Single Malt Escoces 12 Anos 750ml,39.48
Vinho Tinto Casa Crebar 2018 Cabernet Sauvignon,39.99
Whisky Dewar's White Label Double Aged 750ml,69.93
Vinho Carmim Putos Rose Doc 750ml,52.99
Cerveja Red Stripe Larger 330ml,12.79
Cachaça Leblon 750ml,110.9
Energético Tsunami Garrafa 2l,6.49
Whisky Escocês Blended Black White Garrafa 700ml,39.9
Energetico Reign Alta Performace Mang-o-matic 6 Ltas 473ml,54.9
Nova Cerveja Stella Artois Sem Gluten Long Neck  Pack Com 06,32.94
Cereser Frutas Vermelhas 660ml,12.86
Whisky Black Bourbon 1 Litro Evan Williams,129.99
Pack Refrigerante Antarctica Guaraná Zero Gfa 600ml 12 Unid,37.35
Cerveja Schornstein Bock com 500ml,16.86
Pisco Capel 700ml,128.9
Whisky Johnnie Walker Red Label 1 L,79.99
Espumante Brasileiro Branco Brut Casa Perini Serra Gaúcha Garrafa 750ml,46.41
Pack Cerveja Skol Puro Malte Lata 269ml 15 Unidades,38.85
Espumante Veuve Du Vernay Demi Sec 750ml,49.9
Aperitivo De Whisky Natu Nobilis 1000ml,51.5
Suco Do Bem Caju 1 L Garrafa,6.89
Suco Del Valle Néctar Sabor Uva Tp 1l,5.69
Cerveja Schornstein Pilsen com 500 mL,13.8
Bitter Angostura Aromatic Laranja 100ml - Original,108.9
Whisky Jack Daniel's Tennesee Honey 1 Litro,139.99
Aperitivo Rosato Ramazzotti Garrafa 700ml,54.39
Pack Cerveja Skol Lata 473ml Com 12 Unidades,47.89
Vodka Destilada Belvedere Garrafa 700ml,149.9
Whisky Jack Daniel's Tennesee Fire 1 Litro,17.69
Suco De Laranja Blend Especial Natural One - 2l,13.99
Cerveja Trigo Cusqueña 330ml,12.43
Cereser Maçã Verde Sem Álcool 660ml,66.18
Whisky Escocês Ballantine's Finest 750ml C/ Nfe E Selo Ipi,6.89
Suco Do Bem Sabor Goiaba Garrafa 1l,8.5
Suco De Goiaba Concentrado 500ml Sem Adição De Açúcar,9.79
Cerveja Colorado Ribeirão Lager American Lager Garrafa 600ml,62.9
Gin Gordon's London Dry 750 mL original,146.59
Jim Beam Bourbon Black Estados Unidos da América 1 L,98.01
Vinho Santa Rita Cabernario Cabernet Sauvignon Tinto Chile,58.68
Pack Cerveja Heineken Zero Álcool Lata 350ml Com 12 Unidades,25.9
Vinho tinto suave Bordô Quinta Jubair adega Viti-Vinícola Góes 750 ml,189.99
Whiskey Jack Daniel's Gentleman Jack,10.47
Vinho Brasileiro Tinto Suave Chalise Serra Gaúcha Garrafa 750ml,101.91
Kit Cerveja Paulaner Oktoberfest Lata E Caneca - 1 Litro,17.99
Vinho Argentino Tinto The Grill Master Malbec 750ml,491.18
Whisky Johnnie Walker Green Label 750ml,61.24
Espumante Cava Freixenet Cordon Negro Brut 750 Ml,48.97
Miniatura Whisky Chivas 18 Anos 50ml,26.25
Cerveja Three Monkeys I'm Fucking Sour lata 473ml,19.99
Cerveja Three Monkeys I'm Fucking Sour lata 473ml,26.25
Geest E Juan Caloto - Ms Dorothy Apple Moonshine - 750ml,179.9
Cerveja Cusqueña Golden Lager -long Neck 330ml- 24 Unidades,25.79
Pack Água Tônica Antarctica Lata 269ml 15 Unidades,273.49
Whisky Chivas Regal 15 Anos 750ml,18.47
Vinho Chileno Chilano Tinto Sirah 750 Ml,9.79
Cerveja Patagonia Amber Lager Garrafa 740ml,29.9
Cachaça Pura Cristalina Sagatiba Garrafa 700ml,43.74
Whisky Escocês Ballantine's Blended 17 Anos 750ml ,9.79
Bebida Mista Smirnoff Ice Limão Garrafa 275ml Com 6 Unidades,49.9
Cerveja Colorado Vixnu Garrafa 600ml,74.1
Vinho Italiano Settesoli Pinot Grigio Garrafa 750ml,21.11
Buchanan's Master Blended Reino Unido 750 mL,67.11
Calda Maison Routin 1883 Francesa Vários Sabores 650g Bolo,14.69
Espumante Brasileiro Rosé Brut Georges Aubert Chardonnay Pinot Noir Garrafa 750ml,999.9
Pack Cerveja Colorado Appia Garrafa 300ml Com 12 Unidades,59.9
Saquê Seco Azuma Kirin Garrafa 600ml,131.9
Whisky Royal Salute 21 Anos - Original C/ Certificado E Selo,9.9
Vinho Argentino Dv Catena Cabernet Malbec Cx C/6 Unidades ,12.79
Cerveja Império 300ml Caixa C/ 12 Un (líquido + Garrafa),12.29
Vermouth Carpano Classico Rosso 1000ml,68.47
Whisky Chivas Royal Salute 21 Anos Azul 700 Ml,90.2
Água De Coco Sococo 1l,17.92
Cerveja Red Stripe Jamaican Lager 330ml,14.96
"Suco Uva E Maçã Natural One Ambiente Garrafa 1,5l",139.22
Whisky Escocês 750ml Finest Ballantine's,39.9
Licor Fino Cream & Marula Fruit Amarula Garrafa 750ml,21.46
Vinho Chilano Moscato Suave Branco 750ml,262.99
Cerveja Schornstein Weiss 500ml,13.99
Whisky Fire Ball 750ml,33.59
Vinho Tinto Seco Trapiche Premium Malbec 750ml,10.19
Nectar De Tangerina Qualitá 1 Litro,109.61
Cachaça Weber Haus Amburana 700ml,5.69
Cerveja artesanal Schornstein Imperial Stout 500ml,27.9
Whisky Dewars 15 Anos The Monarch 750ml Lata,71.01
Água Tônica Fever-tree Ginger Ale Importada - 1 Unidade,349.9
Cerveja Belga Duvel Garrafa 330ml,9.29
Bebida Funcional Engov After Citrus 250ml,72.9
Whisky Escocês Regal 12 Anos 750ml Chivas,54.9
Suco de caju  Del Valle sem glúten 1 L ,19.95
Vinho Branco Almadén Chardonnay 750ml,19.9
Vinho Chileno Arte Noble Carmenere 750ml Tinto 2018,19.95
Pack Cerveja Portuguesa Super Bock Mini - 250ml 6 Unid.,15.69
Catuaba Selvagem Tradicional Original 1l,159.9
Whisky Escocês Black Label 1 Litro Johnnie Walker,19.9
Vinho Tinto Chileno Cabernet Sauvignon Siete Soles 750ml,71.88
Cerveja Puro Malte Praya Lata 350ml Pack Com 12 Unidades,187.99
Whisky Americano Buffalo Trace Bourbon 750ml,68.64
Suco De Goiaba Qualitá 1 Litro,203.8
Vinho Do Porto Ceremony Ruby -  750ml.,113.6
Cerveja Sem Carboidrato Bruder Alma Cevada 600ml - 15 Un,219.9
Tequila Reposado Jose Cuervo Especial Garrafa 750ml,17.99
Whisky Bourbon Makers Mark 750ml,45.76
Combo Espumante Branco Demi Sec Salton 750ml,198.9
Cerveja Paulaner Lemon Radler 500ml,12.49
Vinho Uruguaio Braccobosca Lacertilia Tannat Tinto 750ml,47.94
Kit Premium Whisky Jack Daniels Honey 375ml + Copo + Dosador,45.44
Suco de cranberry  Juxx  Funcionais sem glúten 1 L ,379.9
Refrigerante Guaraná Zero Açúcar Wewi Pack 6 Garrafas 255ml,25.9
Cerveja Belga Delirium Red 330ml,17.9
Whisky Japonês Suntory The Chita 700ml,199.99
Vinho Português Tinto Meio Seco Pardal Telhado Lisboa Garrafa 750ml,99.99
"Suco De Uva Tinto Integral Garibaldi Vidro 1,5l Sem Glúten",15.7
Sake Saque Premium Hakushika Japonês Kura Pack 2l 2000ml,78.09
Whisky Escocês Grand Old Parr 12 Anos Garrafa 750ml,40.71
Cerveja Paulaner Munchner Hell 500ml,19.58
Vinho branco doce Uvas Diversas Lillet 750 ml,198.9
Pack Cerveja Budweiser Lata 350ml 12 Unidades,24.69
Suco De Uva Integral 1l,9.99
Whisky Chivas Regal 12 Anos 1000ml,23.99
Groselha Diet Sem Adição De Açúcar 970ml - Saborama,411.22
Cerveja Wals Session Citra Garrafa 600ml,6.59
Suco De Uva Rosé  Hugo Pietro Sem Glúten 1.5 l ,29.99
Whisky 18 Anos Gold Signature 750ml Chivas Regal,139.9
Refrigerante Antarctica Soda Limonada Garrafa 2l,243.18
Vinho Português Tinto Quinta De Bons Ventos 375ml,78.12
Licor Kahlua 750 Ml,17.99
Whisky Jack Daniel's Gentleman Jack Tennessee 1 Litro,109.9
Presente Para Homem Kit De Cervejas Artesanais Premiadas ,29.73
Vinho Argentino Malevo Tinto 750ml,75.9
Cerveja Red Stripe Jamaican Lager Garrafa 330ml (pack 6 Un),119.99
Kit 6 Água Tônica De Quinino Vittal Gold Garrafa 1 Litro ,11.9
Whisky Black & White 1000ml,17.9
Vinho Português Tinto Alecrim Bag-in-box 5 Litros,266.04
Cerveja Argentina Weisse Patagonia Garrafa 740ml,16.78
Gin Tônica Sem Álcool E S/ Calorias Virgin Tonic Begin 269ml,91.9
Cerveja Antuérpia Irish Red Ale 500ml,16.14
Kit 10 Whisky Jack Daniels 50ml Vidro Petaca Pocket Original,249.99
Limonada Com Gengibre Orgânica Poder Da Terra 1 Litro,5.99
Cooler Góes Pina Colada Vinho Branco 750ml Garrafa Original,26.9
Cerveja Zero Açúcar Baixa Gastronomia 15 Unidades,193.93
Whisky Red Label 500ml Dosador De Bebidas Copo De Vidro,145.9
Vinho Branco Moscato Yellow Tail Adega Casella 750 Ml,49.9
Refrigerante Pepsi 2 Litros,6.89
Saquê Seco Tradicional Gekkeikan Garrafa 750ml,79.9
Cerveja Fuller's London Pride Ale 500ml,48.2
Whisky Ballantines Finest 8 Anos 1000ml,105.9
Pack Refrigerante Pepsi Twist Lata 350ml 12 Unidades,29.09
Espumante Francês La Roche Brut Branco 750ml,32.9
Cerveja Weisse Patagonia Lata 473ml,6.99
Whisky Old Parr 18 Anos 750 Ml,289.99
Vinho Aldeias Das Serras Regional Tinto Bag In Box 3 Litros,104.49
Espumante Demi-sec Cuvée Réserve Mumm 750ml,48.66
Cachaça Abaíra Ouro 670 Ml Premiada Gourmet Envelhecida ,40.61
Whisky Johnnie Walker Gold Label Reserve 750ml C/nfe E Ipi,304.86
Pack Cerveja Pilsen Antarctica Original Caixa 12 Unidades 350ml Cada,47.88
Soju Coreano Original Chum Churum Lotte 17% Alcool Coreia,32.98
Cerveja Belga Hoegaarden Witbier Garrafa 330ml Importada,5.59
Vinho Rose Argentino Chac Chac Malbec Rose 750ml,39.59
12 Miniatura Chivas Regal 12 Anos 50ml Pocket (12un) Vidro,179.99
Suco Aloe Vera Gel Puro 1 L.,7.89
Energético Diet Monster Absolutely Zero Lata 473ml,25.59
Rum Brasileiro Carta Ouro Montilla Garrafa 1l,62.9
Passport Scotch Whisky Escocês 1l,399.9
Barrilete Cerveja Alemã Hofjger Pilsener 5l,202.47
Campari Cask Tales 1000ml,129.99
Kit 15 Cervejas Artesanais Alma Cevada Sem Carboidrato,19.99
Whisky Bourbon Evan Williams Black Label,28.87
Bebida Vegetal Natures Heart Aveia 1l Sem Adicao De Acucar,254.49
Freixenet Espumante Cava Carta Nevada Semi Seco 200ml,291.99
Escorredor De Garrafas P/81 Garrafa+ Lavador Garrafa Cerveja,12.49
Jack Daniel's Whisky Single Barrel Select 750 Ml,25.87
Suco Funcional De Cranberry Juxx 1l,9.99
Bebida De Arroz Em Pó Original Sachê 300g Risovita,69.68
Cerveja Wäls Belgian Witte Garrafa 600ml,41.9
Licor Fino Café Tia Maria Garrafa 700ml,46.9
Whisky Bells 700ml,12.71
Espumante Salton Ouro Brut 750 M,17.99
Suco De Uva Integral Casa Madeira 250ml S/açucar S/gluten,15.69
"Cerveja Paulaner Weissbier 0,0% 500ml",6.89
Jack Daniel's Sinatra Estados Unidos da América 1 L,44.17
Whisky Escocês White Horse 8 Anos Garrafa 500ml,60.89
Refrigerante Pepsi Twist Pet 2 Litros,6.89
Vinho tinto meio seco Carménère Santa Helena Reservado 2018 adega Viña San Pedro Tarapacá 750 ml,44.17
Saquê Seco Dourado Azuma Kirin Garrafa 740ml,35.9
Cerveja Leopoldina Bohemian Pilsner 500ml,24.99
Whisky Americano Jim Beam Bourbon Garrafa 1 Litro,117.15
Água Tônica Orgânico Ginger Wewi Garrafa 255ml,126.67
Vinho Uruguaio Garzón Reserva Tannat - 750ml,10.9
Cerveja Fruitbier Pomelo 355ml Barbarella,20.99
Whisky Coquetel Old Star Black Gold Malt 1 Litro,28.6
Espumante Brasileiro Branco Natural Brut Salton Séries Garrafa 750ml,37.9
Vermute Rosso Cinzano Garrafa 1l,44.9
Rum Carta Oro 980ml Bacardi,92.58
Whisky Escocês Red Label 1 Litro C/ Nota Fiscal E Selo Ipi,7.01
Cerveja Cerpa Export Garrafa 350ml,32.63
Espumante Brasileiro Branco Brut Salton Prosecco Serra Gaúcha Garrafa 750ml,35.9
Pack Cerveja Puro Malte Bohemia Lata 310ml - 15 Unidades,104.99
Licor Irlandês Baileys Garrafa 750ml,78.9
Whisky Dewars 8 Anos 750ml,144.9
Vinho Italiano Trulli Primitivo Di Mandura Dop 750ml,27.99
Pack Refrigerante Antarctica Soda Lata 350ml 12 Unidades,97.9
Gin London Dry Bombay Sapphire Garrafa 750ml,262.99
Whisky Dewars 15 Anos 750ml,55.8
Cerveja Eisenbahn Vienna Lager Garrafa 355ml Com 12 Unidades,54.9
Vinho Tinto Uruguaio Reserva Tannat 750ml Montes Toscanini,9.79
Cerveja Colorado Appia Garrafa 600ml,86.25
Whisky White Horse Uisque Cavalo Branco 1l,39.5
Água De Rosas 300ml - Rose Water Alwadi - Importado Líbano,31.99
Espumante Brasileiro Branco Brut Aurora Serra Gaúcha Garrafa 750ml,8.99
Cerveja Coruja IPA Long Neck 355mnl,82.18
Whisky Ballantines Finest By Shawna X Blended 750 Ml,53.8
Vinho Seco Sem Alcool 720ml - La Dorni,84.9
Suco De Tomate Suvalan Supreme 100% Suco 300 Ml Caixa C/ 12,17.92
Vinho Chileno Chilano Cabernet Sauvignon Tinto Seco 750ml,37.9
Vodka Nacional Skyy 980ml,181.97
Miniatura Whisky Chivas Regal 12 Anos 50ml 12 Unidades,14.69
Cerveja Praya Witbier 600ml,46.41
Espumante Nacional Rose Moscato Casa Perini 750ml,12.15
Cerveja Cerpa Prime Premium Lager Long Neck 350ml,289.9
Whisky Aberfeldy 12 Anos 750 Ml,37.14
Vinho tinto seco Merlot Casillero del Diablo Reserva 2017 adega Concha y Toro 750 ml,28.6
Vinho Santa Carolina Reservado Shiraz 750ml,9.49
Cerveja Leuven Golden Ale King Garrafa 500ml,132.9
Whisky Americano Jack Daniel's Fire Original - 1 Litro,9.39
Refrigerante Guaraná Antárctica Pet 3 Litros,44.94
Baer Spritz Lata Jabuticaba Pack Com 6 Un 269ml,14.19
Cachaça Adoçada Velho Barreiro Garrafa 910ml,27.9
Whisky Escocês Royal Salute 21 Anos 700ml Chivas C/nfe E Ipi,14.99
Vinho Tto Seco Tres Medallas Cabernet Valle Central 375ml,59.99
Vinho Chileno Rose Veroni 750ml,101.91
Cerveja La Trappe Tripel 750ml,135.16
Whisky Escocês Ballantine's 12 Anos 1 Litro C/nfe E Selo Ipi,10.8
Refrigerante Coca-cola Original Garrafa 2l,22.9
Vinho Salton Classic Cab Sauvignon 750ml,154.99
"Kit Gin Especiarias - O Mais Completo, Confira!",159.9
Whisky Jim Beam Rye 700ml,202.5
Pack Cervejas Artesanais Puro Malte Sem Carboidratos  15un,33.16
Espuma Pronta Para Drink Em Spray - Sabor: Limão Siciliano,46.49
Pack Cerveja Kaiser Pilsen Latão 473ml Com 12 Unidades,144.9
Whisky Logan Heritage Blend 700ml,77.84
Vinho Rosado Veneto Freixenet Italian Rose 750ml,3.29
Água Tônica Bellfrut 450ml Agua Tonica,16.72
Old Cesar 88 965ml,69.9
Licor Fino De Marula Stock Gold 720ml,59.07
Whisky Jack Daniels Honey Mel Garrafa 375ml Original Vidro,9.79
Cerveja Puro Malte American Ipa Baden Baden 600ml,46.35
Skol Beats Caipirinha Lata 269ml Com 8 Unidades,37.29
Pack Cerveja Skol Pilsen Lata 269ml - 15 Unidades,147.61
Whisky Grand Old Parr 12 Anos 1l C/ Nota Fiscal E Selo Ipi,61.95
Vinho Português Branco Calamares Vinho Verde Garrafa 750ml,8.99
Refrigerante Cola Pepsi Garrafa 3l,223.06
Cerveja De Trigo Paulaner Importada Alemã Hefe Weissbier 5l ,249.99
Whisky Jack Daniel's  Garrafa 50 Ml Kit Com 10 Unidades ,10.9
Coquetel Alcoólico Gaseificado Grapefruit Draft Garrafa 600ml,71.99
 Souvenaid Morango 4 Unidades,139.9
Tequila José Cuervo Ouro 750 Ml,49.41
Cerveja Schneider Weisse Tap 4 Festweisse 500ml,13.81
Whisky J Walker Black Label Mini 50 Ml,15.07
Cereser Pêssego 660ml,9.79
Bebida Vegetal De Coco Silk 1l,235.19
Cerveja American IPA Puro Malte Baden Baden Garrafa 600ml,16.15
Kit 12 Whisky Black Label 12 Anos Miniatura Petaca 50 Ml ,44.9
Cooler Tinto Uva Góes Garrafa 750ml,32.97
Vinho Verde Português Gábia 750ml,434.9
Tequila Tequilero Del Leste Reposado Garrafa 750 Ml,53.94
Whisky Chivas Regal Blended Gold Signature 18 Anos 750 Ml,42.96
Cerveja Witbier Praya Long Neck 355ml Pack Com 6 Unidades,12.9
Vinho Freixenet Demi-sec Mia Red Tinto 750ml,14.51
Vinho Tinto Suave Carrefour Classic 750ml,62.89
Whisky Jack Daniel's Honey Lemonade Lata 330ml Tennessee Nf,34.97
Cerveja Heineken Premium Puro Malte Lager 250ml 12 u,31.39
Vinho Lambrusco  Frizzante V. Emanuele I Dell Emilia,359.46
Vinho Francês Gem Grenache Blanc Branco 750 Ml,139.9
Refresco Suco De Goiaba  Mid Em Pó Sem Glúten 20 g ,1.79
Margarita Mix Limão Jose Cuervo Garrafa 1l,118.65
Whisky Jack Daniel's Tennesee Apple 1 Litro,149.99
Cerveja artesanal Schornstein APA 500ml,16.81
Refrigerante Cola Orgânico Wewi Pack Com 6 Latas 350 Ml,36.99
Cereser Uva 660ml,12.86
Whisky Jack Daniel's Old N° 7 Cola Lata 330ml Tennesse Nfe,19.72
Cerveja Colorado Indica Garrafa 600ml,10.9
Rio Sol Espumante Moscatel 750ml,45.7
Energético Fusion Loud 1 Litro,7.49
Conhaque Presidente 900ml,12.9
Whisky Bourbon Bulleit - 750ml,268.9
Cerveja Imperial Ipa 355ml Roleta Russa,11.9
Vermute Rosso Carpano Clássico Garrafa 1l,109.9
Cerveja Schornstein Pilsen 500 Ml,13.8
Ballantine's By Shawna X Blended Finest Brasil 750 mL,82.18
Chuva De Prata Branca 660ml,14.41
Espuma P/ Vinhos 12 Garrafas Transporte Mala Viagem Protetor,349.9
Cerveja Martina Artesanal Witbier Garrafa 600ml,13.95
Whisky Natu Nobilis Blended 250ml Original Bebida Destilado,14.99
Suco De Uva Integral 1l,19.58
Vinho Chileno Ventisquero Casa Blanca Pinot Noir Tinto 750ml,54.9
Kit 08 Especiarias Gin+dosador Duplo+kit 6 Xaropes + 2 Taças,139.31
Cerveja Leopoldina Russian Imperial Stout 750ml,66.99
Whisky Grand Old Parr 12 Anos 1 Litro,139.9
"Suco De Uva Integral Campo Largo 1,35l",12.99
Água Tônica Riverside Brazilian Ginger 269ml Pack Com 6,49.99
Cerveja Artesanal Imigração Export 500ml,17.37
Whisky Jameson 750ml,119.9
"Vinho Canção Tinto Seco Garrafão De Vidro 4,6 Litros",69.88
Cereser Spritz 660ml,13.72
Licor Amaretto Dell' Orso 700ml,77.69
"Cerveja Paulaner Weissbier 0,0%  Alem Zero Alcool Lata 500ml",17.99
Red Bull Summer Morango E Pêssego Edition 250ml - Pack 4un,35.96
Espumante 130 Brut Blanc De Noir 750ml - Casa Valduga,191.99
Whisky Buchanan's Special Reserve 18 Anos 750ml C/nfe E Ipi,674.9
Cerveja Premium Pilsen 12 Unidades 350ml Estrella Galicia,69.73
Vinho Tinto Chileno Longitud Pinot Noir Reserva 750 Ml,39.89
Saquê Azuma Kirin Soft Garrafa 740ml,23.49
Kit 02pçs Borracha / Vedação Invicta 500ml / 750ml E 1 Litro,63.36
Presente Para Homem Kit De Cervejas Artesanais Premiadas Cop,5.69
Del Valle Néctar Caju Sem Açúcar Tp 1l,12.57
Cerveja Baden Baden Edição de Inverno Bock 300ml,79.99
Whis Esc Jw Red Label 1l,28.48
Vinho Francês La Roche Tinto 750ml,125.9
Ballantine's Blended 12 Reino Unido 1 L,21.9
Ballantine's Blended 12 Reino Unido 1 L,125.9
Cerveja Artesanal Leopoldina American Pale Ale Apa 500ml,21.9
Coquetel Digníssimo Presidente C/canela 900ml,28.9
Kit Com 27 Suco De Caixinha Sabores Sortidos Ebah 200ml,39.95
Licor Baileys Irish Cream 750ml,97.9
Logan Blended Heritage Blend Reino Unido 700 mL,144.9
Cerveja Patagonia Amber Lager Long Neck 355ml,5.19
Refrigerante Sukita Uva Garrafa 2l,5.09
Pack Cerveja Brahma Duplo Malte Lata 350ml - 12 Unidades,44.29
Black Label Whisky 12 Anos 750ml C/ Nota Fiscal E Selo Ipi,150.71
Vinho Argentino Benjamin Nieto Malbec 750ml ,29.8
Baer Spritz Lata Abacaxi Pack Com 6 269ml,44.94
Ades Leite De Amêndoas Sabor Baunilha 1l,15.29
Dewar's Blended White Label Reino Unido 750 Ml,76.49
Cerveja Brahma Chopp Lager lata 269ml 15 u,36.9
Vinho tinto Bons Ventos adega Quinta de Bons Ventos 750 ml,39.29
Vodka Sueca Absolut Original 1 Litro,86.92
Whisky Ballantines 17 Anos Garrafa 750 Ml,9.99
Cerveja Goose Island Ipa 355 Ml,74.16
Suco Do Lucas Neto Suquinho Vegano Infantil18 Un 200ml Cada,22.65
Vinho tinto meio seco Merlot Reservado Reservado 2019 adega Concha y Toro 750 ml,13.9
Cerveja Elementum Premium Lager 500ml,639.9
Whisky Glenfiddich Solera 15 Anos 750ml,69.95
Vinho Gran Reserva Toro De Piedra Pinot Noir 750ml,64.9
"Kombuchá Com Gengibre, Abacaxi E Hortelã Supraervas 200g",116.9
Conhaque Fundador 750ml,124.9
Whisky Bourbon Jim Beam 1l,12.89
Cerveja Black Princess Back to the Red Red Lager 600ml,62.99
Vinho branco seco Uvas Diversas Casillero del Diablo Devil's Collection Reserva Especial Assemblage 2019 adega Concha y Toro 750 ml,48.9
Vinho Chileno Foye Gran Reserva Carmenere 750 Ml,203.97
Whisky Jack Daniel's Cola 330ml 12 Unidades,15.5
Cerveja Lohn Bier Catharina Sour 355ml,159.9
Copo Água Suco Café Descartável Entrega Rápida 200ml 2500und,46.72
Aperitivo Campari Bitter Garrafa 900ml - Original,105.98
Licor Italiano De Amêndoas Amaretto Vittone - 700 Ml,46.9
Whisky Bell's Blended Scotch Escocês 700ml Uísque Original,21.9
Cerveja Paulaner Não Alcoólica Hefe-Weissbier 500ml,9.99
Suco De Uva Integral Tinto 300ml Rio Sol Uma Delícia!,77.94
Kit Cerveja Paulistânia Marco Zero 2 Garrafas 500ml + Taça,289.9
Whisky Aberfeldy 12 Anos 750 Ml,24.88
Vinho Tinto Cabernet Selec Especial Bag-in-box 3l - Fabenne,5.09
Preparado Para Moscow Mule - Begin 180g,72.55
Refrigerante Sukita Laranja Garrafa 2 Litros,199.05
White Horse Blended Fine Old Reino Unido 700 mL,12.9
Cerveja Low Carb Baixa Gastronomia 600ml 15 Un,159.9
Vinho Brasileiro Tinto Suave Dom Bosco Serra Gaúcha Garrafa 750ml,40.07
Cerveja St. Bernardus Abt 12 330ml,40.07
Suco De Maracujá Qualitá 1 Litro,5.25
Licor Stock Creme de Cacau 720ml,45.5
Cerveja 0.0% De Álcool Pacote 12 Latas 350ml Heineken,56.28
Whisky Chivas Royal Salute  21 Anos 700ml Envio Imediato ,999.97
Espumante Espanhol Rosé Doce Freixenet Mía Moscato Sant Sadurní d'Anoia Garrafa 750ml,58.8
Vinho Nacional Tinto De Mesa Suave Góes Garrafa 750ml,9.79
Vinho Branco Finca La Linda Chardonnay - 750ml,68.31
Whisky Bell's Blended Reino Unido 700 Ml,47.6
Cerveja Patagonia Bohemian Pilsener Garrafa 740ml,9.79
Espumante Salton Brut Rose 750 Ml,34.9
Cachaça Sagatiba Cristalina 700ml,29.9
Whisky Johnnie Walker Blonde Miniatura 50ml Pack Com 12 Unid,89.99
Cerveja Light Lager Ultra Zero Carbo  600ml - Cx 15 Un.,200.2
Vinho rosé seco Malbec Chac Chac 2019 adega Viña Las Perdices 750 ml,38.96
Del Valle 100% Laranja Tp 1l,9.29
"Cerveja Easy Ipa 0,00% Roleta Russa S/glúten 350ml - 12unid",144.24
Whisky Escocês Ballantine's Finest - 750ml,59.99
Vinho Chileno Viu Manent Reserva Chardonnay 750ml,64.9
Hidromel Philip Mead Suave Tradicional 500ml,84.9
Gin Beg London Dry 750ml,91.33
Whiskey Buffalo Trace Kentucky Straight Bourbon - 750ml,164.99
Cerveja Asahi Super Dry lata 330ml,20.28
Água De Coco Kero Coco 1 Litro,9.9
Vinho Argentino Cordero Con Piel De Lobo Chardonnay 750ml,53.69
Whisky Logan Heritage Blend 700m Original,149.9
Kit Cerveja Hoffen Samurai Dry Hop Garrafa 600ml + Copo ,49.99
Pack Refrigerante Antarctica Soda Lata 350ml 12 Unidades,29.88
Cooler Góes Pêssego Vinho Branco 750ml Garrafa Original,25.9
Vodka Moskowita Pet 900ml,11.35
Kit Premium Caixa Whisky Jack Daniels 1l + 2 Copos + Dosador,379.9
Cerveja Antuérpia American Ipa 500ml,21.9
Espumante Henkell Zero Álcool 750 Ml,59.19
"Refil Filtro Vela Electrolux Pe10b, Pe10x Acquabios",41.9
Whisky Glenmorangie Nectar D'or 12 Anos 750ml,739.9
Cerveja Baden Baden Witbier Garrafa 600ml,9.9
Kit Refrigerante Coca Cola Garrafa Vidro 250ml  Envio Rápido,33.87
Vinho Chileno Tinto Seco Reserva Especial 120 Pinot Noir Valle de Aconcagua Garrafa 750ml,39.9
Whisky Coquetel Old Star Honey Malt 1 Litro,17.99
Cerveja Goose Island Midway Session Ipa Garrafa 355ml,8.99
Vinho branco seco Sauvignon blanc Casillero del Diablo Reserva 2019 adega Concha y Toro SA 750 ml,36.65
Gin Monkey 47 Schwarzwald Sloe 500ml,309.9
Whisky Escocês Johnnie Walker Red Label Garrafa 750ml,69.9
Cerveja Brasil Ipa Trooper Bodebrown 473ml + Copo + Caixa,78.11
Agua De Coco Rio 1l,9.54
Espumante Brasileiro Rosé Brut Salton Poética Chardonnay Pinot Noir Serra Gaúcha Garrafa 750ml,29.12
Yopro Danone Chocolate 25g Proteina - 06 Unidades,295.99
Cooler Branco Pina Colada Góes Garrafa 750ml,16.65
Cooler Branco Pina Colada Góes Garrafa 750ml,16.65
Aperitivo Amaro Ramazzotti Garrafa 700ml,70.99
Vinho Branco Chileno Longitud Chardonnay 750 Ml,29.99
Whisky Bourbon Jim Beam Black Extra Aged 1l C/nfe E Selo Ipi,146.59
Cerveja Premium Império Gold Puro Malte Long Neck 210ml 18un,98.58
Aperitivo Negroni N45 1000ml,129.99
Cachaça Envelhecida Sagatiba Garrafa 700ml,63.67
Whisky Bourbon Woodford Reserve 750 Ml C Nfe E Selo Ipi,299.9
Cerveja Artesanal Weiss Füder 500ml,24.27
Espumante Moscatel Rose Monte Paschoal 750 Ml ,39.95
Vinho Italiano Codici Masserie Primitivo Puglia Tinto 750ml,54.59
Cerveja Eisenbahn Pilsen lata 350ml 12 u,49.9
J&B Blended Rare Reino Unido 1 L,100.9
Vinho Tinto Suave Góes Tradição Bordô E Isabel 750ml,14.9
Vinho Branco Casal Garcia Sweet Aveleda 750ml - Original,52.9
Cachaça Cabaré Extra Premium 15 Anos 700 Ml + Copo ,48.97
Miniatura Whisky Chivas Regal 18 Anos 50ml,47.88
Cerveja Antarctica Original Lata 350ml Pack Com 12 Unidades,13.9
"Suco De Uva Integral Bela Ischia Speciale Garrafa 1,5 Litros",17.92
Vinho Chileno Chilano Carmenere Tinto Seco 750ml,105.99
Whisky Jim Beam Fire 1l ,42.44
Pack Cerveja Budweiser 310ml Com 15 Unidades,108.9
Bitter Angostura Orange 100ml,33.89
Vinho Tinto Pergola Bordo Suave 1l,139.62
Whisky Americano Bourbon Woodford Reserve Garrafa 750ml,54.9
Kit Presente Pai Cervejeiro Degustação Artesanal 6x Premiada,44.19
6 Bebidas Energética Reign Body Fuel Sabor Melon Mania 473ml,17.92
Licor Fino Marie Brizard Triple Sec Laranja 700ml ,324.6
Vinho Chileno Chilano Sauvignon Blanc Branco Seco 750ml,9.79
Whisky Chivas Xv 750ml,169.89
Cerveja Patagonia Weisse 740ml,31.99
Mini Espumante Moscatel Quinta Do Morgado Pack 12 Un Atacado,124.9
Vinho Brasileiro Tinto Reserva Privada Salton Intenso Cabernet Sauvignon Serra Gaúcha Garrafa 750ml,66.99
Jameson Caskmates Ipa Whisky Irlandês 750ml,69.9
Cerveja Leopoldina Belgian Tripel 750ml,141.9
Vinho Italiano A.mare  Primitivo Puglia Igt - 750ml,261.29
Vodka Francesa Cîroc 750ml,101.89
Whisky Jack Daniel´s Gentleman Jack 1l Original,44.9
Cerveja Antarctica Original Garrafa 600ml Com 12 Unidades,54.99
Vinho Português Verde Gabia Casa Ermelinda Freitas 750ml Bco,28.99
Caixa 27 Achocolatado Pronto Mocoquinha Bebida Lactea 200ml ,39.9
Leite De Soja Soymilke Ômega 3 Sem Açúcar/lactose Lata 250g,94.9
Whisky Bells 700ml,16.39
Aperitivo Francês Blanc 750ml Lillet,23.98
Suco De Tangerina Villa Piva 1 Litro,16.14
Catuaba Em Pó 1kg Pura - Energético Afrodisíaco,42.9
Espumante Salton Brut Rose 750ml,30.8
Vermute Rosso Martini Garrafa 750ml,42.9
Whisky Glenmorangie Nectar Dor Single Malt 10 Anos 750 Ml,399.99
Pack Cerveja Beck's Puro Malte Lata 350ml Com 8 Unidades   ,39.92
Vinho Chileno Tinto Suave Reservado Santa Carolina 750ml,21.85
Refrigerante Pepsi Zero Garrafa 2 Litros,6.15
Nutrição Enteral Nutri Enteral 1.5 Baunilha 200ml,7.55
Whisky Blue Label 750ml Johnnie Walker,35.12
Cerveja Colorado Appia Lata Sleek 350ml Com 8 Unidades,5.99
Refrigerante Soda Antarctica Garrafa 2l,39.02
Arak Habitue 700 Ml,70.22
Drury's Blended Brasil 900 mL,70.56
Bruder Low Carb Session Ipa - Cx. 6 Un,5.29
Base Para Frapê E Smoothie 900g Vários Sabores Mixato ,96.6
Água Tônica Orgânico Wewi Garrafa 255ml,13.9
Whisky Escocês White Label 750ml Dewar's,51.1
Cerveja Elementum Witbier 500ml,989.9
Chá Verde Sabor Cranberry Qualitá 1 Litro,77.88
Vinho Nederburg 1791 Shiraz 750ml ,14.32
Whisky Jura 18 Anos 700ml,77.89
Cerveja Witbier Praya Lata 269ml Pack Com 12 Unidades,9.61
Chuva De Prata Rosé Sem Álcool 660ml,149.9
Vodka Destilada Saborizada Vanilia Absolut Garrafa 750ml,134.25
Suco Organico Pressade Manga 1l,31.2
Whisky Jim Beam Black 1l,5.69
Kit Degustação Pai Cervejeiro Presente 6 Estilos Premiados,115.99
Espumante Nacional Rosé Brut Salton 750ml,8.99
Del Valle Mais Néctar Laranja Tp 1l,42.5
Whisky Escocês  Black Label Johnnie Walker  750ml,119.77
Cerveja Coruja Ipa 355ml,111.9
Aperitivo Busca Vida 670ml,52.9
Brandy Espanhol Fundador 750ml,28.95
Whisky Ballantines 12 Anos 750ml,107.99
Pack Cerveja Brahma Chopp Pilsen 350ml 18 Latas,66.37
Vinho Italiano Lambrusco Dell Emilia San Piero Branco 750ml,6.29
Vinho Tinto Blend Clos Siete 2018 750 Ml,84.6
Vinho Tinto Chianti D.o.c.g. Freixenet 750ml,61.64
Whisky Jhonnie Walker Red Label La Casa De Papel 750 Ml,239.99
Cerveja Ipa Indica Colorado 350ml,49.03
Espumante Sur Lie Nature Branco Casa Valduga 750ml,39.9
Sake Hakushika Namachozo 300ml,74.99
Whisky Buchanas Master Blended 750ml Original Lançamento,109.99
Cerveja Estrella Galícia Pilsen 269ml - 12 Unidades,7.66
Vinho Tinto Casillero Del Diablo Cabernet Sauvignon 750ml,14.69
Pack Refrigerante Sukita Uva Garrafa 200ml 12 Unidades,14.69
Whisky Old Parr 12 Anos 1000ml,191.2
Cerveja Lagunitas Ipa Garrafa 355ml,9.79
Copo Descartável P/ Água Refrigerante 200 Ml 100 Un Promoção,12.49
Licor Italiano 750ml Limoncello Caravella  ,144.9
Espumante Italiano Branco Demi-Sec Pro-Spritz Cinzano Garrafa 750ml,39.9
Ballantine's Bourbon Finish Reino Unido 750 mL,103.9
Cerveja Lagunitas IPA 355ml,9.79
Vinho Espanhol Tinto Tempranillo Coronas Torres 750ml,47.51
Espuma Para Drinks Bebidas Gin Vodka Moscow Mule Blueberry,36.9
Whisky Woodford Reserve Bourbon 750ml,295.65
Cerveja Colorado Indica India Pale Ale Garrafa 600ml,9.79
Vinho Português Rosé Quinta de Bons Ventos 750ml,35.9
Vinho Chileno Reno Tinto Cabernet Sauvignon 750ml,19.62
Whisky J Walker Red Label Miniatura 50ml,16.81
Cerveja Schornstein Apa 500 Ml,26.25
Vinho Brasileiro  Saint Germain Garrafa 750ml,54.9
Vinho Australiano Cabernet Sauvignon Yellow Tail 750ml,359.9
Whisky Jack Daniel's Gentleman 1 Lt,6.99
Cerveja Amber Lager Patagonia Lata 473ml,22.66
Vinho Santa Helena Reservado Malbec 750ml,6.12
Cereser Ice 660ml,314.9
Whisky Jack Daniels Old N°7 + 2 Copos Com Frete Grátis,11.53
Cerveja Roleta Russa IPA lata 350ml,5.99
Smirnoff Ice Original Lata 269ml,198.9
Licor Fino Limão Limoncello Salvatore Longobardo 700ml - 2un,479.9
Whisky Suntory The Chita 700ml 43% - Single Grain Japão,37.35
Cerveja Skol Pilsen Com 15 Unidades De 269ml,194.89
Pack Mini Espumante Monte Paschoal Moscatel 12x187ml,9.29
Suco 100% Laranja Del Valle 1 Litro,389.9
Whisky 12 Anos 750ml Glenfiddich,195.65
 Cerveja 0% Açúcar Low Carb Kit 15un Bruder 600ml ,46.41
Vinho Espumante Rose Moscatel Aquarela Casa Perini 750ml,39.9
Aperitivo Americano Gancia Rosso 1 Litro,78.9
Cachaca Espirito De Minas 700ml,359.9
Whisky Old Parr 18 Anos 750ml,19.99
Cerveja Alemã Paulaner Hefeweissbier Dunkel Garrafa 500ml,26.99
Bebida Vegetal Almond Breeze Zero Açúcar Baunilha 250ml,256.55
Whisky Coquetel Malt E Carvalho Master Gold 900ml + Copo,9.99
Buchanan's Master Blended Reino Unido 750 Ml,52.42
Cerveja Baden Baden Golden Garrafa 600ml,497.91
Vinho Tinto Casa Valduga Origem Cabernet Sauvignon 750ml,13.99
Whisky Chivas Regal 18 Anos 750ml C/ Nota Fiscal E Selo Ipi,99.9
Cerveja Cusqueña Trigo - Long Neck 330ml - Unidade,44.9
Suco De Uva Integral Oq 1l Caixa C/6 Un,18.9
Cerveja Leopoldina Pilsener Extra 500ml,22.64
Vinho branco meio seco Uvas Diversas Liebfraumilch 750 ml,18.9
Vinho Chilano Red Blend 750ml,17.21
Jack Daniel's Old No. 7 Estados Unidos Da América Lata 1 L,184.7
Cerveja Erdinger Weissbier Clara 500ml,27.9
Vinho Espumante Natural Branco Demi Sec Salton 750ml,29.12
Licor Fireball De Canela & Whisky 750ml,69.9
Whisky Johnnie Walker Double Label 1 Litro Com Frete Grátis,249.9
Cerveja Barbarella Maracujá Longneck 355ml,10.9
Vinho Italiano Infinitum Primitivo Puglia Igt - 750ml,89.9
Refrigerante Antarctica Guaraná Garrafa 2 Litros,7.99
Xarope Monin Kiwi 700ml,60.9
Whisky Jack Daniels Single Barrel Tennessee Whiskey 750ml,10.9
Cerveja Pale Lager Caium Colorado 600ml,29.99
St Pierre Blueberry Lata 270ml Pack 6 Unidades,43.69
Refrigerante Pink Lemonade St Pierre 275ml Pack Com 12 Uni,39.99
Drurys (1litro) + Brinde 1000 Jogos Para Pc - Envio Imediato,24.89
Pack Cerveja Brahma Duplo Malte 310ml Com 15 Unidades,97.9
Pack Refrigerante Pepsi Black Sem Açúcar Lata 350ml 12 Unid,129.9
Gin Bombay Sapphire London Dry 750 mL,19.99
Whisky Bourbon Jim Beam Honey 1000 Ml,29.9
Cerveja Paulaner Weissbier Dunkel 500ml,98.77
Vinho Espanhol Don Luciano Rosé Seco 750ml,389.9
Vinho Casa Silva Carmenere Reserva Terroir 750ml,48.6
Whisky Glenfiddich 12 Anos Single Malt 750ml,36.69
Pack Ice Drink Skol Beats Senses 8 Latas De 269ml,28.9
Vinho Espumante Francês La Roche Demi-sec 750ml,34.99
"Suco 100% De Uva Bordô Vó Luiz Garrafa De 1,5lts - Integral ",111.9
"Bebida Coreana Soju Jinro Is Fresh 16,9% Original 360ml",29.94
Whisky Ballantine's Blended 12 Anos 750 Ml,6.39
Cerveja Budweiser Garrafa 330ml - Pack Com 6 Unidades,37.98
Bebida Mista Alcoólica Gaseificada Gin & Tônica Skol Beats GT Garrafa 269ml,16.99
Espuma Spray Morango P/ Drinks Bebidas Gin Caipirinha Vodka,35.78
Mini Whisky Johnnie Blonde 50ml,29.36
Cerveja Gulden Draak Smoked 330ml,35.94
Vinho Espumante Italiano Vittorio Emanuele Rosé,59.89
Vinho Espumante Nacional Branco Doce Salton Moscatel Garrafa,26.9
Whisky Single Malt Glenfiddich Solera 15 Anos 750ml C/ Nfe,17.49
Cerveja Beck's Pilsner Garrafa 330ml - Pack Com 6 Unidades,78.9
Kit Especial 1 Vinho E 2 Taças Suave Gold Del Grano 750 Ml,39.89
Cachaça São Francisco 970ml,55.6
 Nutrição Enteral Nutri Renal D Baunilha 200ml,37.74
Whisky Escocês Black Label Johnnie Walker 50ml - 3 Unidades,24.99
Pack Cerveja Brahma Duplo Malte Lata 310ml - 15 Unidades,35.64
Espumante Branco Brut Vero Garibaldi 750ml,30.99
Licor The Original Irish Cream 750ml Baileys,99.9
Whisky Glen Ord Singleton Escocês 12 Anos Single Malt,203.83
Cerveja Patagonia Amber Lager Lata 473ml,6.99
Vinho Tinto Cota 1000 Mil Reserva Cabernet Sauvignon 750ml,29.88
Pack Refrigerante Guaraná Antarctica Lata 12 Unidades 350ml Cada,17.99
Whisky Jack Daniel's Honey Lemonade Tennessee Lata 330ml,62.74
Kit Cerveja Roleta Russa Meio Tambor -2 Easy Ipa Lata + Copo,38.93
Dada De Finca Las Moras No 7 - Espumante Branco Argentino,15.24
Filtrado Doce Brasileiro Branco Chuva de Prata Garrafa 660ml Edição Especial Doces Momentos,58.79
Gin Pink Strawberry Mint Torquay Garrafa 750ml,159.2
Whisky Extra 13 Anos 750ml Chivas Regal,14.49
Cerveja Black Princess Doctor Weiss Kristall Weizen 600ml,174.96
Energético Red Bull Sugarfree 250ml Com 24 Unidades,18.29
Vinho Chileno Chilano Sauvignon Blanc Branco 750ml,40.68
Whisky Jura 18 Anos 700ml,59.99
Cerveja Brahma Duplo Malte lata 350ml 12 u,547.9
Vinho Tinto Carménère Ventisquero Tantehue 2021 750 Ml,24.99
6 Bebida Funcional One More Balance Drink Limão Lata 269ml,18.47
Whisky Glenfiddich 15 Anos 750ml,28.49
Cerveja Leopoldina Bohemian Pilsner 500ml,41.9
Vinho Chileno Chilano Merlot Tinto Seco 750ml,103.9
Refrigerante Tea Soda Mate Orgânico Wewi 6 Garrafas 255ml,29.74
Licor Stock Café 720 Ml P/ Coquetéis Exóticos E Sobremesas ,50.91
Whisky Ballantines Bourbon Finish 750ml,36.95
Cerveja Uruguaia Nortena Garrafa 960ml,119.9
Vinho Cordero Con Piel De Lobo Blend De Blancas 750ml,21.46
Espumante Natural Branco Miolo Seival Brut 750ml,35.69
Ballantine's Finest Whisky Escocês 1l,72.08
Cerveja Schornstein Stout 500 Ml,159.9
Vinho Casa Madeira Chardonnay Branco Especial Risotto 500ml,77.32
Kit 3 Unid Espumantes Del Sole Branco Doce Pronta Entrega ,33.9
Jack Daniels 1l Original,68.61
Cerveja Sem Carboidrato Bruder Alma Cevada 600ml - 6 Un,159.9
Vermouth Martini Rosato 750ml,11.79
Vodka Original Suécia 750ml Absolut,143.39
 Jack Daniel's Tennessee Honey,30.99
Cerveja Therezópolis Jade Ipa 500ml,49.9
Aperitivo Aromatic Bitters Angostura 100ml,98.69
Vinho Finca Flichman Roble Chardonnay 750ml,11.19
Vinho Português Julia Florista Tinto 750ml,117.51
Whisky Escocês White Horse 8 Anos Garrafa 1 Litro,16.9
Cerveja Colorado Ribeirao 600ml    ,10.9
Vinho Grego Tetramythos Retsina,54.9
Espuma Drinks Be Gin Spices - Blueberry 200g,34.5
Whisky Natu Nobilis 1000ml,48.9
Heineken Lata 12 Unidades,47.67
Refrigerante Orgânico Guaraná Wewi 255ml,19.9
Refil Filtro Purificador Água Electrolux Pa21g Pa26g Pa31g,373.9
Gin Intencion London Dry 900 mL,6.99
Whisky Jura 10 Anos 700ml,109.99
Cerveja Patagonia Weisse Witbier Lata 473ml,62.66
Vinho Tinto Alamos Red Blend 2021 Catena Zapata 750ml,22.9
Hidromel Oldpony Aegir Doce 750ml,42.7
Jack Daniel's Honey Lemonade Pronto Para Beber Lata 330ml,31.99
Kit Presente Masculino Criativo Cervejas Artesanais Premium,86.9
Nutrição Enteral Nutri Enteral 1.5 Kcal/ml 1l,23.99
Vinho Garzon Estate Tannat de Corte 750 ml,40.69
Bebida Jack Daniels Tennessee Mixed Cola Lata 330ml,64.99
Pack Cerveja Brahma Chopp Lata 350ml - 12 Unidades,59.97
Vinho Judaico Tinto Guéfen Kasher Para Pessach Suave #,75.55
Licor Fino De Chocolate Branco Mr. Licor 750ml,349.9
Água De Coco Integral Campo Largo Garrafa 900ml 6 Unidades,67.9
Whisky Glenfiddich 12 Anos 750ml,24.5
Kit 6 Cerveja Michelob Ultra Long Neck Importada 355ml - Usa,17.98
Steinhaeger Becosa 980ml,9.99
Suco Misto De Manga E Maçã Integral Mitto - 1l,6.09
Whisky  Jack  Daniels  Single  Barrel  750ml Mega Oferta,189.9
Cerveja Baden Baden American Ipa Puro Malte Garrafa 600ml,112.9
"Bebida Láctea Neston Maçã, Banana E Mamão 280ml",18.76
12 Bebida Vegetal Natures Heart Coco Arroz  1l -nestlé,28.99
Whisky Johnnie Walker Red Label 1000ml,97.62
Cerveja Artesanal Ipa Nibs E Rapadura Natucoa Lata 473ml,203.8
Vinho Chileno Tinto Merlot Vina Maipo Garrafa 750ml,8.8
Vodka Stolichinaya 1 Litro,36.99
Jack Daniel's Gentleman Estados Unidos Da América 1 L,8.39
"Bruder Alma Cevada Zero Carboidrato, Zero Açucar 600ml ",16.91
Suco De Tomate Sulavan Supreme 100 % Suco 300 Ml,36.65
"Soju Coreano Morango Jinro Com 12,8% Alcool",47.92
Água De Coco Do Bem Tetra Pak 1l,169.99
Cerveja Schornstein  Vienna Lager 500 Ml,33.54
Vinho Sauvignon Blanc Casillero Del Diablo  750 Ml,29.49
Vodka Destilada Wyborowa Wybo Garrafa 750ml,12.99
12 Whisky Red Label Miniatura 50ml Pocket ( 12uni) ,239.99
6 Cerveja Premium Sem Gluten Amstel Ultra Garrafa 275ml,12.89
Pack Refrigerante Sukita Uva Lata 350ml Com 12 Unidades,69.29
Bebida Mista Alcoólica Gaseificada Old No. 7 Cola Jack Daniel's Lata 330ml,65.99
Kit 15 Whisky Old Eigth 50ml Miniatura Vidro Petaca Mini,5.19
Whisky Grants 8 Anos 1000ml,99.9
Cerveja Argentina Weisse Patagonia Long Neck 355ml,5.19
Vinho Freixenet Sauvignon Blanc Branco 750ml,63.9
Vinho Tinto Demi Sec Faroni Lopez Vinicola Fante 750ml,24.95
Whisky Jura 18 Anos Single Malt 700ml,989.9
Cerveja Stella Sem Gluten 330ml - Pack Com 6 Unidades,32.94
Água De Coco Integral Oq 500ml Caixa C/12 Un,164.9
Vinho La Rioja Alta Viña Alberdi  Safra  2016 ,19.95
Whisky Ballantines 12 Anos 1000ml,22.95
Cerveja Three Monkeys Golden Ale 500ml ,39.49
Vinho Chilano Chradonnay 750ml,19.9
Rum Brasileiro Carta Branca Mojito Bacardi Garrafa 980ml,195.65
Whisky Johnnie Walker Double Black 1000ml,4.65
Suco De Tomate Gourmet Espanhol Olivatto 1l,42.79
Cerveja Baixa Gastronomia Sem Carboidrato 600ml 15 Unidades,199.9
Agua Tonica Prata Ginger 200ml,15.24
Pack Skol Beats Sabor Gin E Tônica Lata 269ml 8 Unidades,49.9
Whisky Johnnie Walker Black Label 1000ml Edicao Especial ,53.88
Cerveja Fruitbier Framboesa 355ml Barbarella,276.54
Baron Philippe Rothschild Reserva Chardonnay 750 Ml,59.9
Cachaça Bananazinha Pinga De Banana Bananinha Mel 900ml,569.05
Whisky Jack Daniel´s Gentleman Jack 1l,39.92
Suco De Laranja Qualitá 1 Litro,26.53
Vinho Português Tinto Cartuxa EA Garrafa 750ml,69.9
Whisky Fettercairn 12 Anos 700ml,53.99
Cerveja Beck's Puro Malte Lata 350ml - Pack Com 8 Unidades,217.9
Vinho Tinto Argentino Malbec Concha Y Toro 750ml Reservado,6.29
Espumante Frances Veuve Du Vernay Brut Ed Limitada 750 Ml,26.9
Espumante Brasileiro Branco Demi-Sec Casa Valduga Chardonnay Pinot Noir Garrafa 750ml,128.74
Whisky Johnnie Walker Black Label 1000ml,43.73
Cerveja Colorado Indica Lata 350 Ml,61.24
Cachaça Envelhecida São Francisco Garrafa 970ml,54.9
Ballantine's Whisky 12 Anos 750ml C/ Nota Fiscal E Selo Ipi,122.22
Pack 6 Cerveja Malzibier Brahma Longneck 355ml,198.99
Espumante Espanhol Branco Brut Gran Selección Cordon Negro Freixenet Macabeo Parellada Xarel-lo Cava Garrafa 750ml,58.99
Vinho Australiano Shiraz Yellow Tail 750ml,138.9
Whisky Grand Old Parr 12 Anos 750ml C/nota Fiscal E Selo Ipi,32.75
Presente Barril Cerveja Paulaner Munchner Hell Alemã - 5l,52.39
Espumante Brasileiro Miolo Brut Garrafa 750ml,37.79
Whisky Bourbon Jim Beam Fire 1000ml,18.53
Água Tônica Tangerina Orgânica Wewi Pack 6 Garrafas 255ml,249.9
Cerveja Delirium Argentum 7% 330ml,16.05
Cachaça Duzamigo Envelhecida Carvalho Salinas 670 Ml,20.9
Whisky Jack Daniel´s Gentleman Jack 1l,289.33
Kit 24 Cervejas Quilmes Clássica Importada 340ml - Argentina,299.97
Refresco Pó Pratik Chef Rende 250 Litros Fardo C/10unids,23.9
Vodka Destilada Smirnoff Garrafa 600ml,169.9
Whisky Bourbon Jim Beam Black 1000ml,53.25
Espumante Espannhol Freixenet Branco Zero Álcool 750ml,26.25
Cerveja Leuven Belgian Ipa Dragon Garrafa 500ml,51.9
Vinho Australiano Chardonnay Yellow Tail 750ml,11.47
Big Flying Horse Energético Pet 2 L,127.97
Whisky Escocês Johnnie Walker Blonde 750ml Garrafa Vidro,7.2
Cerveja Cerpa Long Neck - 350ml,44.9
Vinho Português Tinto Seco Alecrim Lisboa Garrafa 750ml,49.99
Cachaça Santo Mel - Aperitivo De Cachaça Com Mel 700ml,45.33
Whisky Bells Blended Scotch Escocês 700ml Original,18.89
Cerveja Leuven Witbier The Witch com 500mL,159.99
Suco Uva Verde Pedaços Coreano Bon Bon Caixa 12 Latas,7.59
Suco De Uva Taeq 1 Litro,59.9
Whisky Jack Daniel's  Garrafa 50 Ml Kit Com 10 Unidades ,200.2
Vinho Tinto Espanhol Reserva Tempranillo 750ml Pata Negra,34.44
Cerveja Light Lager Ultra Zero Açúcar  600ml - Cx 15 Un.,109.9
Vinho Chileno Branco Cosecha Tarapacá Chardonnay 750ml,149.9
Gin Tanqueray London Dry - 750ml,23.09
Chivas Regal Whisky 12 Anos Escocês 750ml,39.92
Cerveja Ipa Three Monkeys Garrafa 500ml,35.99
Vinho Finca Las Moras Sauvignon Blanc 750 Ml,16.99
Vinho Verde Português Vieira Campos Branco Meio Seco 750 Ml,9.99
Whisky Johnnie Walker Blonde Blended Miniatura 50ml Petaca,41.99
Cerveja Lagunitas IPA lata 350ml,26.19
Vinho Cordillera Andina Syrah 750ml,186.91
Vinho Tinto Cabernet Sauvignon Ventisquero Tantehue 2021 Adega Viña 750 Ml,17.37
Whisky Jack Daniel's Honey Tennessee Whiskey 1 Litro,43.62
Cerveja Artesanal Imigração Pilsen Premium 500ml,16.37
Refrigerante Orgânico Zero Açúcar Cola Wewi 255ml,17.99
 Cajuina Nordestina 480ml - A Tradicional Do Nordeste,79.9
Whisky Johnnie Walker Red Label La Casa De Papel 750ml ,169.9
Vinho Branco Chileno Siete Soles 750ml,42.9
Kit 6 Cerveja Blue Moon Belgian White Ale 355ml - Usa,89.9
Licor Fino Pêssego Peachtree Garrafa 700ml,11.9
Vinho Portugues Ciconia Alentejo Tinto 750ml,126.9
Ballantine's Finest Whisky Escocês 750ml,39.9
Cerveja Patagônia Bohemian Pilsener Pilsen One Way 740ml,10.19
Vermute Bianco Carpano Garrafa 1l,26.99
Espumante Italiano Santa Margherita Prosecco 750ml,41.9
Whisky Royal Salute 750ml,134.9
Vinho Tinto Suave Português Olaria 750ml,38.9
Cerveja Americana Ipa Goose Island Long Neck 355ml,8.49
Vinho Chileno Cultura Vini Carménère 750 Ml,27.49
Grant's Blended Reino Unido 1 L,74.01
Whisky Jack Daniels 1000 Ml,198.9
Cerveja Bavv Ipa 355ml,10.74
"Vinho branco meio seco Chardonnay, Pedro Jiménez Reservado Reservado 2019 adega Concha y Toro 750 ml",30.81
Licor De Cachaça Dom Tápparo Jenipapo Creme 750ml,113.85
White Horse Whisky Scotch Cavalo Branco 700ml ,14.99
Cerveja Witbier Praya Garrafa 600ml,23.9
Vinho Tinto Meio Seco Concha Y Toro Cabernet Sauvignon 750ml,20.79
Vinho Tinto Suave Cabernet Franc Club Des Sommeliers 750ml,154.83
Kit Jack Daniels - Jack Fire + Jack Honey,200.65
Licor Italiano Disaronno 700ml,29.99
"Cerveja Bruder Low Carb Fit Sem Açúcar, Baixa Cal - Cx 15 Un",51.1
Vinho Chileno Longitud Classic Terroir Rosé Semi Dry 750 Ml,7.2
Whisky Blend Chivas Royal Salute Edition Richard Quinn 700ml,79.9
Vinho Nederburg 1791 Shiraz Tinto 750ml,58.9
Cerveja Cerpa Tijuca Pilsen 350ml Original + Nf + Ipi,209.9
Saque Gekkeikan Tradicional Seco 750ml,62.89
Vermute Rosso Cinzano Garrafa 950ml,21.83
Whisky Escocês Chivas Regal Extra 13 Anos Garrafa 750ml,136.84
Pack Cerveja Heineken Premium Quality Garrafa 250ml - 12 Und,359.9
Vinho Branco Chardonnay Chilano 2020 Adega 750 Ml,27.9
Vinho Garzon Reserva Marselan Tinto 750ml,24.99
Whisky Old Parr 18 Anos 750ml Produto Original,198.9
Vinho Tinto 8km Carménère Chileno 750ml,89.5
Cerveja Artesanal Red Ale Leopoldina Red Ale 500ml,22.05
Cachaça Velho Pescador Extra Premium 5 Anos 700ml,10.99
Whisky Johnnie Walker Black Label 1000ml,38.24
Limoncello Brunholi,269.9
Cerveja Bier Dama Qi American Pale Ale Garrafa 600ml,60.9
Vinho Nacional Tinto De Mesa Seco Góes Garrafa 750ml,37.99
Espumante Nacional Rosé Rio Sol 750ml,132.29
Whisky Buchanan´s 12 Anos 1000ml,49.99
Kit Paulaner Oktoberfest 1 Caneca E 1 Cerveja Lata 1 Litro,96.9
Caixa C/27 Água De Coco Quadrado Sabor Maracujá De 200ml,569.05
Espuma P/ Drinks Em Spray Sabor Limão Siciliano Begin 200grs,24.9
Ballantine's Finest Whisky Escocês 1l,11.9
Vinho Tinto Zonin Ventiterre Montepulciano D'abruzzo 750ml,36.19
Cerveja Hofjäger Pilsener Barril 5l,295.62
Brandy Jerez Osborne Garrafa 700ml,43.66
Cerveja Belga Gulden Draak 330 Ml,43.66
Vinho Tinto Suave Santa Felicidade Kit 3 Unid Pronta Entrega,74.71
Licor Bardêra Marroc C/ Chocolate E Peanut Butter Lançamento,62.53
Chivas Regal Whisky 15 Anos Escocês 750ml,329.9
Cerveja Dama Bier IPA 600ml,22.05
"Refrigerante Antarctica Guaraná 2,25 L Garrafa",6.89
Água Tônica Orgânica Ginger Wewi 255ml,161.99
Whisky J Walker Black Label Gf 750ml,156.9
Aperitivo Fernet Branca Garrafa 750ml,42.75
Pack De Cerveja Pilsen Puro Malte Eisenbahn Lata 269ml 12 Un,20.65
Suco De Uva Branco 1l,118.8
Johnnie Walker Blended Red Label Reino Unido 1 L,36.5
Espuma Pronta para Drink Sabor Gengibre,13.95
Cerveja Martina Witbier 600ml,37.9
Vodka Smirnoff Red 998ml - Original,20.43
Vinho Branco Chilano Sunset S. Blanc Chardonn Moscato 750ml,313.4
Whisky Jack Daniels Honey (mel) + 2 Copos Com Frete Grátis,53.94
Cerveja Puro Malte Praya 355ml Pack Com 6 Unidades,10.19
Bebida Funcional Engov After Tangerina 250ml,30.9
Vinho Tinto Carménère Ventisquero Tantehue 2021 Adega Viña 750 Ml,279.99
Whisky Chivas Royal Salute  21 Anos 700ml Envio Imediato ,40.89
Vinho Branco Cloudy Bay Sauvignon Blanc 750ml Nova Zelândia,80.79
Pack Cerveja Heineken Long Neck Garrafa 330ml - 6 Unidades,33.78
Gin Amazzonni Garrafa 750ml,17.92
Vinho Alecrim Branco 750ml,44.9
Vinho Chileno Branco Suave Chilano Moscato 750ml,12.59
Gin Dry 1 Litro Orloff,37.74
Cerveja Black Princess Tião Bock 600ml,40.61
Beats Gt Long Neck 269ml - Pack Com 6 Unidades,14.9
Cachaça Abaíra Ouro 670 Ml,36.99
Cerveja Wals Session Citra 600ml,135.99
Bebida Coreana Soju Chum Churum Fresh 360ml Jinro Plum,113.94
Ballena Licor De Morango Com Tequila 750 Ml,37.2
Vinho Esporão Alandra Tinto Bag In Box - 3 Litros,41.9
Aperitivo Fernet Dubar Garrafa 900ml,27.5
Licor Fino Stock Frutas Silvestres 720ml - Original,56.99
Cerveja Dortmund Red Rose Ale 600ml,39.62
Água De Coco Mais Maracujá Sococo 200ml - 24 Unidades,41.9
Fardo 12x Suco De Caju Concentrado Val 500g Atacado,10.9
Licor Stock Curaçau Triple Sec 720ml,59.9
Cerveja Colorado Appia Garrafa 600ml,69.9
Xarope De Limao Siciliano Monin 700 Ml,74.89
Licor Stock Marula 720ml,34.99
Cerveja Paulaner Kit Dunkel+ Weissbier 500ml + 1 Copo,99.9
Vinho Português Segredo Do Abade Tinto  750 Ml,31.99
Kit Gin 8 Especiarias + 6 Xarope + Dosador + Colher + Canudo,188.9
Cerveja Argentina Amber Lager Patagonia Garrafa 740ml,11.9
Vinho Frisante Mioranza Gaseificado Rosé Suave 750ml,23.06
Cachaça Salinas Balsamo 700ml,47.9
Cerveja Pilsen Sol Garrafa 330ml - 6 Unidades,32.94
Espumante Demi-sec Rosé Conde De Foucauld 750ml,31.36
Licor Creme Cassis Gabriel Boudier Garrafa 700ml,171.9
Bebida Achocolatado Fast Alpino Nestlé Garrafa 280ml,7.69
Eisenbahn Long Neck 355 Ml Pale Ale 6 Unidades,38.34
Cachaça Espírito De Minas Garrafa 700ml,69.9
Vinho Chileno Gato Negro Sauvignon Blanc 750ml,26.49
Pack Fanta Laranja Original Lata 350ml 12 Unidades,34.69
Licor Fino Limoncello Villa Massa Garrafa 700ml,153.9
Cerveja Golden Lager Cusqueña 330ml,12.99
1 Caixinha Com 18 Sache X 18g-suco De Limão Tang Em Pó  ,32.38
Vodka Importada Premium Original 750ml Stolichnaya Sabor Natural,109.9
Kit Vinho Branco Espumante Salton Moscatel 750ml 6un,196.71
Presente Para Quem Gosta De Cerveja Premiada Internacional 6,69.75
Cachaça Aguardente De Cana Kariri Ouro Garrafa - 960ml,24.5
Espumante Aurora Zero Álcool Branco 750ml,19.9
Vinho Tinto Chileno Cabernet Sauvignon Siete Soles 750ml,41.9
Gin Seagers Dry 980ml - Original,56.76
Cerveja Leopoldina Russian Imperial Stout 750ml,21.99
Vinho Tinto Frisante Suave Rolha Club Des Sommeliers 750ml,40.39
Gin Seagers Gfa 1lt,15.5
Cerveja Lohn Catharina Sour Uva Goethe 355ml,118.11
Água Tônica Prata Ginger 12 Lata 269 Ml,180.26
Licor Fino Avelãs Frangelico Garrafa 700ml,49.9
Vinho Argentino Tinto Malbec Crios 750m,32.2
Vinho Espumante Nacional Natural Rose Brut Salton 750ml,62.9
Gin Gordon's London Dry 750ml - Original,12.74
Cerveja Antuérpia Premium Lager 500ml,21.98
Vinho Tinto Suave Bordô 720ml - Xv Novembro,54.9
Gin Nicks 1l - Eleito O Melhor Gin Nacional!,23.9
10un - Whirlfloc Em Pastilha (cerveja Artesanal),55.24
Vinho Nederburg Pinotage 750 Ml - Africa Do Sul,69.68
Licor Espanhol Fino Café Tia Maria Garrafa 700ml,13.94
Vinho Dom Bosco Branco Suave 750ml,5.47
Eisenbahn Vienna Lager Garrafa 355ml,25.9
Saque Azuma Kirin Soft 740 Ml,29.98
Vinho Chines Red Star Hongxing 100ml,35.38
Espuma P/ Drinks Morango Limão Gengibre Tangerina Blueberry,71.99
Vinho Do Porto Ruby Vieira Campos 750 Ml Portugal,22.89
Aguardente De Cana Prata Ypióca Garrafa 965ml,12.48
Cerveja New England Ipa Lata 350ml Roleta Russa,7.79
Suco Vermelho Detox Taeq 1 Litro,91.29
Vodka Sueca Absolut Original Garrafa 1l,39.02
Água Tônica Clássica Orgânica Wewi Pack Com 6 Garrafas 255ml,43.62
Vodka Destilada Passion Fruit & Jasmine Smirnoff Infusions Garrafa 998ml,39.02
Espumante Jp. Chenet Blanc De Blancs Demi-sec 750ml,84.34
Cerveja Leopoldina Italian Grape Ale 750ml,64.6
Gin Nick's Red Frutas Vermelhas Garrafa De Vidro 1 Litro,46.88
Vinho Chileno Tinto Carmenere Arte Noble 750ml,19.95
Vinho Espumante Nacional Rosé Doce Moscatel Salton 750ml,27.15
Kit Cachaça Cabaré Extra Premium 700ml Envelhecida 15 Anos,344.99
Cerveja Americana Ipa Dama Bier Garrafa 600ml,22.05
Vinho Brasileiro Tinto Reserva Privada Salton Intenso Merlot Serra Gaúcha Garrafa 750ml,31.99
Cachaça Matuta Umburana 1000 Ml,54.66
Vinho Chilano Rose 750ml,21.98
Cerveja Dortmund Nostradamus Stout 600ml,26.76
Miniatura Vodka Absolut 50ml Mini Garrafa Original E Lacrado Sabor Natural,10.49
Shake Linea Chocolate 330g,29.9
Vinho tinto meio seco Merlot Marcus James 2021 em bag in box 3 L,58.9
Tequila Tequilero Del Leste 750ml Reposado,32.68
Cerveja Three Monkeys Golden Ale 500ml,19.95
Água Tônica Fever-tree Ginger Beer - Caixa 24 Unidades,295.79
Cachaça Tradicional Salinas Garrafa 700ml,56.69
Vinho Tinto Cabernet Sauvignon Baron Phillipe De Rothschild Reserva 2020 750 Ml,42.65
"Lavador/sanitizador De Garrafas De Cerveja, Cachaça Ou Vinho",76.99
Kit 2 Gin Tonic Tanqueray 275ml+xarope+especiarias+acessório,198.9
Vinho Chileno Reservado Sauvignon Blanc 750ml Santa Carolina,25.91
Vinho Branco Seco Casa Perini Sauvignon Blanc 750ml,46.61
Cachaça Maria Andante Ouro 670ml,198.99
Cerveja Paulaner Munchner Hell 5 Litros,15.49
Pack Antarctica Soda Limonada Garrafa 200ml 12 Unidades,69.9
Vodka Japonesa Suntory Haku 700ml,69.73
Cerveja Premium Pilsen 12 Unidades 350ml Estrella Galicia,131.9
Gin Rangpur Tanqueray Garrafa 700ml,195.65
Vinho Argentino Trapiche Vineyards Merlot 750ml,190.31
Bruder Low Carb Alma Cevada 600ml 15 Un,26.9
Licor Fino Drambuie Garrafa 750ml,42.98
Vinho branco doce Moscato Reservado Reservado Spritzer 750 ml,37.9
Vinho Tinto Seco Casa Perini Cabernet Sauvignon 750ml,29.88
Licor Marie Brizard Curaçao Blue 700ml,115.9
Cerveja Amstel Lata 269 Ml 12 Unidades,25.43
Soda Limonada Antarctica 350ml - Pack Com 12 Unidades,21.46
Gin Tanqueray Flor de Sevilla London Dry 700 mL original,136.72
Shake De Morango Linea 330g,44.09
Cerveja Leopoldina Session Pale Ale 500ml,78.9
Gin Minna Marie Classic 750ml - Bullhof,104.88
Rum Caribenho Com Coco Malibu Garrafa 750ml,33.94
Suco De Uva Aurora Tinto Integral Gaseificado 269ml C/12 Un,86.55
Espumante Brasileiro Rosé Brut Garibaldi Prosecco Pinot Noir Serra Gaúcha Garrafa 750ml,33.94
Gin Modern & Tropical Beg 750ml,86.55
Cerveja Patagonia Weisse Witbier Garrafa 355ml,5.19
Energético Tsunami Energy Drink Pet 2 Litros,6.49
Gin Espanhol Larios Rosé Garrafa De 700ml,42.29
Vinho Fino Tinto Seco Sutil Malbec 750ml 2019 Argentino ,20.99
Cerveja Coruja Lager Puro Malte Garrafa 355ml,8.39
Cachaça Gabriela Cravo E Canela Paratiana 700 Ml,57.76
Skol Beats Caipirinha Lata 269ml Com 8 Unidades,46.35
Vinho Chileno Ventisquero Reserva Colchagua Merlot 750ml,49.95
Gin London Dry Intencion Garrafa 900 Ml,19.9
Cerveja Three Monkeys I'm Sour lata 473ml,26.25
Espuma Bebidas E Drinks Moscow Mule Gin Caipirinha 5 Sabores,32.71
Vodka Pravda 750ml,138.14
Vinho Rose Don Luciano Tempranillo Rose 750ml Espanhol,29.9
Cerveja Leopoldina Ipa - India Pale Ale 500ml,25.47
Rum Bacardi Mojito 980ml,40.9
Vinho Tinto Português Mariana Herdade Do Rocim - 750ml,83.23
Vinho Fino Tinto Seco Carménère Casas Patronales 750ml,69.88
Gin & Tonic Tanqueray 275ml,19.9
Cerveja Baden Baden Witbier 600 Ml,12.59
Vinho Tinto De Mesa Suave Chalise Salton 750ml,10.47
Conhaque De Gengibre Dreher Garrafa 900ml,21.55
Cerveja Leopoldina Pilsner 500ml,16.91
Vinho Chileno Santa Rita 120 Cabernet Sauvignon 750ml,39.9
Cachaça Vale Verde Extra Premium 1000ml,105.9
Espumante Brasileiro Branco Doce Georges Aubert Moscatel Garrafa 750ml,34.87
Vinho Chileno Chilano Tinto Sirah 750 Ml,18.47
Kit Especiarias Gin C/colher,69.9
Cerveja Eisenbahn Pilsen 350ml 12 Unidades,52.68
Cereser Uva Sem Álcool 660ml,12.57
Kit Gin Tonic Tanqueray Com 6 Especiarias + Dosador,139.9
Cerveja Belga Halve Maan Straffe Hendrik Quadrupel 330ml,48.2
Vinho Chilano Sunset Branco 750ml Chile,21.95
Licor Fino Coco Schluck Tradicionais Garrafa 750ml,59.66
Suco De Uva E Maçã Natural One Temperatura Ambiente 900ml,9.9
Cerveja Colorado Ribeirão Lager Garrafa 600ml,12.9
Cachaça Paratiana Prata 700ml,67.27
Espumante Brasileiro Branco Brut Saint Germain Serra Gaúcha Garrafa 660ml,29.61
Mini Espumante Monte Paschoal Vinho Moscatel Rose 187ml Baby,19.99
Roku Gin Japonês Suntory 700ml,161.69
Pack Cerveja Amstel Lager Lata 269ml - 12 Unidades,36.45
Vinho Tinto Seco Casa Perini Merlot 750ml,43.09
Cachaça Espírito de Minas Garrafa 700ml,78.99
Vinho tinto seco Uvas Diversas Góes Original adega Vinícola Góes 750 ml,10.99
Kit Presente Cerveja Ipa Dama Bier 600ml + Copo London 540ml,47.4
Saque Thikará Gold 745ml,31.9
Vinho Fino Branco Suave Aurora Colheita Tardia 500ml,69.51
Vinho Branco Vinã Maipo Mi Pueblo Sauvignon Blanc 750ml,28.63
Caixa Para Presente Com Especiarias Para Gin (14 Sabores),48.13
Cerveja Eisenbahn Pilsen 355ml 6 Unidades,28.74
"Soju Original Jinro 360ml 20,1% | Bebida Coreana ",33.2
Suco De Uva Do Bem Todo Dia 1 Litro,6.89
Gin Beefeater Pink London 750 mL strawberry,124.89
Cerveja Patricia Pilsen 960ml,33.79
Mini Espumante Monte Paschoal Moscatel 187ml Cx 12 Envio 24h,198.9
Cachaça Duzamigo Envelhecida Amburana Salinas 670 Ml,32.99
Hidromel Philip Mead Red Fruits Suave - 500ml Melhor Oferta!,78.3
Garrafa De Cerveja Uruguaia Patricia 960 Ml,33.79
Kit Conhaque Brandy Jerez Osborne 700ml Com Taça,120.7
Espumante Ponto Nero Live Celebration Brut 750ml,46.23
Suco De Uva Tinto Integral Mitto  - 1l,20.9
Licor Creme De Doce De Leite Bardêra Marroc 500ml,62.53
Cerveja Colorado Lager One Way 600ml,14.79
Bebida Alcoólica Mista Flowers Gin Toque De Limão Lata 269ml,5.19
Gin Rosé Orgânico Vitória Régia 750ml,69.99
Kit Presente Cerveja Ipa Trooper Bodebrown 473ml + Copo ,66.21
Vinho Latitud 33 Chardonnay 750ml,48.9
Licor Amarula Coconut Vegan 700ml,131.12
Suco Integral de Uva com Hortelã Villa Piva 1 litro,14.29
Cooler De Vinho Tinto De Morango Granja Tonatto Kit 4 Unid,99.9
Kit Presente Licor Amarula 375ml + 2 Copos + Chocolate Belga,198.9
Cerveja Three Monkeys Classic IPA 500ml,23.09
Vinho Espanhol Esteban Martin Garnacha Syrah 750ml,41.29
Bebida Alcoolica Licor Doce De Leite Mr. Licor 750ml,53.97
Cerveja Brahma Lata 350ml 18 Unidades,51.3
"Suco De Uva Lopes 1,5 L",15.45
Vodka Sueca Absolut Extrakt 750ml,82.19
Vinho Lambrusco I Puri Bianco Importado Italiano 750ml,27.9
Cerveja Martina Artesanal Ipa Garrafa 600ml,16.05
Licor Stock Anisette Sabor Creme De Anis 720ml - Original,40.9
Vinho  Meio Seco Sem Álcool 720ml - Casa Navaronne,55.4
Jogo 24 Unid Copo Americano De Vidro 200ml Para Cerveja Bar,37.99
Licor Amarula Fruit And Cream 375ml,60.9
Cerveja Premium Witbier Praya 600ml,14.69
Aperitivo Rosato Ramazzotti Garrafa 700ml,54.39
Cachaça Com Jambu - Jambuzera - 50 Ml,17.99
Vinho Argentino The Grill Master Malbec Tinto 750ml,69.89
Cerveja Gulden Draak Imperial Stout 330ml,84.97
Gin Arapuru 750ml,514.15
Vinho Los Intocables Bourbon Barreal Malbec Envio Imediato,49.9
Vinho Kaiken Estate Malbec Rose 750 Ml,19.9
Gin Doce Strawberry Intencion Garrafa Rosa 900ml,71.9
Cerveja Gulden Draak Brewmaster Edition 330ml,22.9
Vinho Chileno La Tierra Rocosa Carmenere 750ml,43.05
Vinho Argentino Trapiche Roble Chardonnay 750ml,46.73
Escorredor De Garrafas P/45 Garrafa+ Lavador Garrafa Cerveja,195.99
Licor Português De Ginja Vila Das Rainhas 500 Ml,97.95
Espumante Branco Domenico Giornata Prosecco 750ml,28.1
Vinho Espanhol Don Luciano Airén Branco - 750ml,59.41
"Cachaça De Jambu Meu Garoto 700ml *menor Preço, Aproveite!*",68.64
12 Cerveja Heineken Premium Puro Malte Lager 250ml- Cx Shot,29.09
Pack Refrigerante Sukita Laranja Lata 350ml 12 Unidades,19.23
Cortezano Tinto 900ml,20.31
Enchedor De Garrafas Tubo 3/8 Para Enchimento De Garrafas,39.92
Cerveja Hoegaarden Witbier 269ml Pack 8 Unidades,124.9
Vinho tinto doce Europeias Justino's adega Justino's Madeira Wines 750 ml,23.98
Saquê Supreme 750ml Koshu Plum,18.99
Cerveja Witbier Lúpulo E Malte 500ml Antuérpia,76.61
Vinho Luccarelli Rosso Puglia Tinto 750ml,62.99
Cachaça Weber Haus Orgânica Envelhecida Bálsamo 700ml,12.57
Vinho Tinto Espanhol Don Luciano Tempranillo 750ml,69.9
Cereser Pêssego Sem Álcool 660ml,20.99
Licor Fino Canela Fireball Garrafa 750ml,115.49
Cerveja Blondine Horney Pig Sess Ipa Garrafa 500ml,131.21
Espumante Chandon Passion On Ice Rosé Demi Sec Garrafa 750ml,118.71
Licor 43 Cuarenta Y Tres 700ml,21.9
Bruder Low Carb Session Ipa - Cx. 15 Un,52.71
Espuma P/ Drinks Bebidas Sabor Gengibre 3 Un Moscow Mule Gin,15.5
Vodka Tetradestilada Vorus Garrafa 1l,12.99
Vinho Lidio Carraro Faces Do Brasil Rosé - 750ml,29.9
Cerveja Lohn Bier Catharina Sour 355ml,74.9
Cachaça 51 Tradicional 965ml,43.9
Agua Tônica St Pierre 270ml Pack 6 Unidades,29.74
Vinho Chileno Perez Cruz Caber. Sauvignon Gran Reserva 750ml,49.9
Licor Marie Brizard Triple Sec 700ml,133.9
Airlock Tipo S + Tampão De Silicone Para Galão De Água,26.25
Vinho Argentino El Asador Bonarda Malbec 750ml,42.9
Gin Bulldog London 750ml,36.19
Refrigerante Orgânico Cola Wewi 255ml,26.29
Cerveja Three Monkeys I'm Sour Goiaba E Pitaya Lata 473ml,17.04
Espumante Zero Álcool Aurora 750ml.,74.99
Espumante Brasileiro Branco Garibaldi Moscatel Serra Gaúcha Garrafa 750ml,46.88
Rum Brasileiro Carta Branca Montilla Garrafa 1l,28.72
Cerveja Lager Beer Jamaicana 330ml Red Stripe,9.99
Vinho Frisante Mosketto Pink 750ml,37.76
Cachaça Seleta Salinas Prata Garrafa Vidro Destilado 1 Litro,24.73
Espumante Rose Series Salton 750ml,146.25
Cerveja Lagunitas California Ipa Lata 350ml ,12.09
Vinho Espanhol La Barbacoa Tempranillo 750ml,54.9
Gin Apogee Negroni 1l,49.9
Cerveja La Trappe Blond 750ml,89.01
Vinho Argentino Tinto Blend Circus 750ml,79.11
Gin Nacional Silver Seagers Garrafa 750ml,63.99
Vinho Espumante Branco Salton Ouro Extra Brut - 750ml -,50.7
Vinho Tinto Seco Pizzato Fausto Merlot Serra Gaúcha 750ml,50.39
Kit 6 Especiarias Gin Tônica - Para Levar Dentro Da Bolsa,29.9
Cerveja Bodebrown The Trooper Original Brasil Lata 473ml,24.65
Vinho Rosé Concha Y Toro Reservado 750ml Original + Nf ,22.65
Vinho Chile Winemakers Secret Barrels Red Blend Tinto 1litro,87.88
Licor Cachaça D'gusta Bananinha 750ml Original,93.85
Cerveja Colorado Cauim Garrafa 600ml,9.79
Espumante Francês Brut Black 750ml Veuve Du Vernay ,69.9
Vodka Destilada Premium 750ml Wyborowa,47.92
Cerveja Roleta Russa Triple New England Ipa 500ml,38.82
Suco Misto De Uva E Água De Coco Oq 1l Caixa C/6 Un,66.32
Gin Rock's Dry 1 L,9.79
Vinho Baron D'arignac Depuis 1979 Tinto 750ml,99.9
Cerveja Baden Baden Cristal Garrafa 600ml,89.99
Gin Bombay Bramble Doce 700 mL blackberry & raspberry,24.53
Vinho Jp. Chenet Cabernet Sauvignon-syrah Tinto 750ml,35.31
Vinho Chileno Suave Concha Y Toro Reservado Sweet Red 750ml,9.99
Cachaça Bananazinha Pinga De Banana Bananinha Reggiani,33.43
Cerveja Baden Baden Witbier Garrafa 600ml,129.9
Espumante Brasileiro Branco Brut Terranova Chenin Blanc Sauvignon Blanc Verdejo Vale do São Francisco Garrafa 750ml,57.13
Gin London Dry Pink Morango 750ml Beefeater,14.15
Espumante Espanhol Branco Zero Álcool Freixenet 750ml,44.99
Cerveja Apa Puro Malte 82 Black Princess Garrafa 600ml,108.99
Saque Seco Azuma Mix Match Tangerina Pimenta Rosa New,139.89
Vinho Chileno Tinto Ventisquero Grey Pinot Noir 750ml,5.99
Kit Pack 12 Un Mini Vinho Tinto Suave Del Grano Gold 250ml,36.69
Cachaça Vale Verde 1 Litro,24.5
Cerveja Coruja American Lager lata 350ml,61.95
Espumante Frances La Roche Demi Sec 750ml,26.76
Cachaça Kariri 960ml,45.9
Vinho Português Verde Calamares 750ml,370.21
Cerveja Dortmund Nostradamus Stout 600ml,9.34
Licor Stock Curaçau Triple Sec 720ml,52.9
Kit Vinho Branco Reservado Pedro Jiménez 750ml 12un,49.4
Arizona Green Tea/chá Verde Com Ginseng E Mel Importado,314.99
Cachaça de Mel e Tangerina Babuxca 700ml,54.99
 Kit De Cerveja Weiss Dama Bier 600ml + Copo 340ml,5.47
Vinho Espanhol Tinto Seco Reserva Marqués De Riscal 750ml,34.76
Gin Burlone London Dry 950ml,32.9
Vinho Espanhol Belo Garnacha Tinta 750ml,32.9
Energetico Alta Performance Reign Lemon 473ml Fardo Com 6,54.9
Rum Brasileiro Carta Blanca 980ml Bacardí,36.29
Cerveja De Trigo Kristall Weizenblack Princess Garrafa 600ml,14.49
Vinho Português Encostas De Estremoz Enjeitado 2014 750 Ml,114.99
Aguardente Velho Barreiro Garrafa 910ml,14.19
Pack Cerveja Brahma Pilsen Lager 269ml - 15 Latas,36.9
Vinho Argentino San Telmo Malbec Tinto 750ml,25.8
Aguardente De Cana Claudionor 670ml,136.4
Vinho Francês Rosé Pays D'oc Gem 750ml,12.77
Cerveja Baden Baden Ipa 600 Ml,119.9
Tequila José Cuervo Prata 750ml,27.9
Vinho Tinto 8km Cabernet Sauvignon 750ml,199.9
Vinho Ménage À Trois Bourbon Barrels Cabernet Sauvignon750ml,14.32
Chuva De Prata Rosé Sem Álcool 660ml,124.56
Kit Presente Draco Gin Hibiscus + Taça De Vidro Exclusiva,54.9
Pá Em Inox Para Whirlpool Tam. Grande - Cerveja Artesanal,69.49
Água De Coco Taeq 200ml Com 27 Unidades,16.86
Cachaça Prata Descansada Tonéis De Amendoim Engenho São Luiz,37.55
Cerveja Schornstein Bock 500 Ml,28.7
Caixa Com 27 Suco Néctar De Laranja Ebah Caixinha 200ml,195.65
Cachaça Premium 6 Anos Jequitiba Dom Tápparo  700 Ml ,198.99
Vinho Branco Espumante Salton Séries Moscatel 750ml,249.9
Cerveja Bruder Baixa Gastronomia - 600ml,10.9
Cachaça Weber Haus Premium Black Louça 750ml,58.39
Vinho Escorihuela Família Gascón Malbec | Kit 6 Garrafas,45.5
Vinho Português Cartuxa Colheita Tinto 750ml,56.9
Cachaça Weber Haus Prata 700ml,20.99
Cerveja Baden Baden Witbier Garrafa 600ml,148.97
Vinho Italiano Le Casine Primitivo Tinto 750ml,78.4
Licor Stock Cerejas Sabor Cherry Brandy 720ml Original,24.9
Vinho Branco Seco Chileno Cono Sur Bicicleta Chardonnay,22.45
Cerveja Horny Pig Blondine 500ml,34.65
Licor Kahlúa 750ml,48.9
Vinho Punto Final Malbec 750ml,16.99
Frisante Salton Lunae Drinks Clericot 750ml,37.84
Conhaque de Alcatrão São João da Barra Garrafa 900ml,53.9
Cerveja Avós Vó Antônia India Pale Lager Lata 473ml,59.9
Aperitivo St Remy 750ml,19.99
Cachaça Engenho São Luiz Extra Premium Carvalho 600ml,16.91
Cerveja Belgian Tripel 500ml Antuérpia,14.05
60 Sachês Especiarias Para Gin Tônica + 1 Dosador Duplo Inox,134.95
Cerveja Black Princess Miss Blonde Blond Ale 600ml,14.05
Vinho Portugues Barricado Tinto Meio Seco 2020 Garrafa 750ml,34.95
Cachaça Weber Haus Orgânica Bálsamo 700ml,44.9
Vinho Chileno Morandé Ethikós Cabernet Sauvignon 750ml,67.06
Nova Cerveja Bud Budweiser 0 Zero Sem Alcool 6longnecks355ml,54.9
Licor De Cachaça Paratiana Creme Umburana 500ml,84.99
Vinho Branco Casa Valduga Terroir Sauvginon Blanc 750 Ml,44.9
Vinho Português Verde Branco Azal Via Latina 750ml,77.89
Vodka Destilada Saborizada Vanilia Absolut Garrafa 750ml,12.57
02un - Enchedor Automático 3/8 P/ Garrafas Cerveja / Cachaça,78.9
Cereser Morango Sem Álcool 660ml,28.99
Vodka Absolut Natural 750ml,29.31
"Suco Integral 100% Uva Salton 1,5 Litro Sem Adição De Açúcar",119.98
01kg - Malte Carafa Especial 3 - Weyermann,87.36
Kit Cachaças Clássicas 3 Garrafas E 3 Copos Santo Grau,9.45
Vinho Português Herdade Do Rocim Mariana Rosé 750ml,159.9
Energético Frutas Tropicais Red Bull Lata 250ml The Tropical Edition,128.34
Licor Cointreau 700 Ml,97.65
Cerveja Paulaner Kit Oktoberfest 1 Litro + 1 Caneca,14.09
Vinho Italiano Tinto Ruffino Chianti Docg Garrafa 750ml,119.9
Pack Refrigerante Limão Sprite Lata 220ml 6 Unidades,19.95
Tequila Silver Jose Cuervo Especial Garrafa 750ml,1.58
Cerveja Indiana Clara White Ale Three Monkeys 500ml,47.9
Suco De Laranja  Frisco Em Pó Sem Glúten 25 g ,23.49
Vodka Destilada Watermelon & Mint Smirnoff Infusions Garrafa 998ml,24.99
Vinho Tinto Mesa San Martin Suave 1 Litro Nacional,141.9
Cerveja Leopoldina Porter 500ml,29.99
Vodka Ciroc 750ml,12.86
Vinho Fino Salton Classic Cabernet Franc Reservado 750ml,186.98
Cereser Morango 660ml,8.39
Gin Hendricks Garrafa 750ml ,59.9
Cerveja Coruja American Lager 355ml,41.99
Vinho Português Porta 6 Tinto 750ml Vidigal Wines,34.44
Cachaça Pura Cristalina Sagatiba Garrafa 700ml,33.14
Vinho Chileno Branco Cosecha Tarapacá Chardonnay 750ml,76.89
Cerveja Belga St Bernardus Pater Garrafa 330ml,43.74
Kit 06 Especiarias Gin Tônica + Colher + Receitas + Tags,198.99
Red Bull Energy Drink 250 Ml - Energético Com 6 Unidades,29.9
Vinho Chileno Ventisquero Vertice Apalta Tinto 750ml,83.9
Licor Fino De Lichia - Musa 500m,15.63
Cerveja Lager Premium Samuel Adams Garrafa Kit 6 Unidade Eua,39.9
Vinho Tinto Don Luciano Tempranillo Garrafa 750ml,19.9
Cachaça Ouro Carvalho Louça Branca 700ml - Santo Mário,25.99
Cerveja Cusqueña Dark Lager - Long Neck 330ml - Unidade,13.99
Amarula Raspberry Chocolate E Baobab Flayour 750ml Rosa,135.94
Suco Refresco Em Pó Promix Sabor Maracujá - Faz 10 Litros,13.15
Vinho S.alba Pinot Noir 750ml,29.95
Vodka Absolut Citron 1 Litro Com Frete Grátis,126.71
Cerveja Three Monkeys India White Ale 500ml,19.95
Vinho tinto meio seco Pinotage Marcus James 2018 adega Cooperativa Vinícola Aurora 750 ml,32.55
Limoncello Limoy Oldpony 500ml,67.72
Suco De Maça Villa Piva 1l,15.79
Cerveja La Trappe Practise What You Preach 750ml,269.1
Kit 08 Especiarias Gin Tônica + Dosador + Colher Bailarina,19.62
Vinho Primitivo Terre Di San Vincenzo Dal 1947 2016 750 Ml,100.9
Vinho Tinto Cabernet Sauvignon Reno 2019 750 Ml,194.48
Cachaça Germana 1000ml,66.37
Bruder Baixa Gastronomia Sem Carboidrato 600ml - 15un,54.5
Vinho tinto seco Chianti Freixenet 750 ml,72.79
Cachaça Indiazinha Jambu 750 Ml - A Original  Da Amazônia !!,24.99
Aperitivo de Absinto Lautrec Garrafa 670ml,42.97
Cerveja Leopoldina Porter 500ml,8.5
Gin Premium Greenall's The Original London Dry - 700ml,17.29
Válvula Dosadora Para Dilute ,50.4
Pack Refrigerante Fanta Uva Lata 350ml 6 Unidades,23.9
Licor Café Toffee 500ml - Santo Mário,27.99
Cerveja Leopoldina IPA 500ml,9.99
Vinho Quinta Do Morgado Bordo Meio Seco 750ml Original,44.9
"Suco De Laranja Integral Oq 1,5 Litro Caixa C/6 Un",198.9
Cachaça Extra Premium Engenho São Luiz 36meses Carvalho600ml,47.49
Cerveja Brasileira Baden Baden Cristal Garrafa 600ml,22.42
Vinho Argentino Trapiche Vineyards Malbec 750ml,142.99
Licor 43 1 Litro,174.9
Vinho Rose Português Ciconia Alentejo 750ml ,108.02
Cerveja Leuven Belgian IPA Dragon 500 ml,5.29
Brandy Cr&f 1920 1000ml,31.84
Vinho Guaspari Vale Da Pedra Branco - 750ml,129.9
Suco De Laranja Integral Oq 300ml Caixa C/12 Un,35.87
Vodka Elyx 750ml Absolut,40.84
Cerveja Eisenbahn American IPA lata 350ml,39.78
Vinho Tinto Miolo Seleção Touriga Nacional Tempranillo 750ml,43.58
Rum Cubano Envelhecido 3 Anos Havana Club 700ml,6.79
"Autosifão Grande  + Mangueira De 1,5m Grátis",39.9
Cerveja La Trappe Dubbel 750ml,83.07
Vinho tinto meio seco Malbec Trapiche adega Bodegas Trapiche 750 ml,39.9
Licor de Ervas Haeger Kräuter Doble W Garrafa 750ml,84.15
Vinho Ar. Tinto Reserve Salentein Cabernet Sauvignon 750ml,100.99
Cerveja Gulden Draak 330ml,43.66
Gin Premium Flowers London Dry Garrafa 750ml - Destilado 4x,41.79
Refrigerante Orgânico Sabor Coca Wewi Lata 350ml,36.99
Suco Orgânico De Manga Pressade 1 Litro,9.61
Licor Stock Frutas Silvestres 720ml,41.9
Pack Cerveja Amstel Puro Malte Latão 473ml Com 12 Unidades,59.09
Vinho Tinto Seco Pizzato Fausto Tannat Serra Gaúcha 750ml,59.99
Licor Carolans Irish Cream 750ml,150.89
Vinho rosé suave Uvas Diversas Reservado Reservado 2018 adega Concha y Toro 750 ml,22.65
"Cerv Three Monkeys I'm Sour Pitaya, Framboesa E Lim Lt 473ml",26.25
Vodka Tridestilada Askov Garrafa 900ml,18.05
Vinho Fino Tinto Seco Almaden Cabernet Franc 750ml,24.76
Vinho Emiliana Adobe Reserva Sauvignon Blanc 750ml,59.41
Licor 43 Cuarenta Y Tres Chocolate 700ml,187.99
Cerveja Roleta Russa Triple Ipa 500ml,38.82
Vinho Tinto Júlia Florista Adega Vidigal Wines 750 Ml,49.9
Rum Nacional Carta Cristal 1 Litro Montilla,26.9
Cesta De Presente Especial Cervejaria Campinas 6 Estilos,185.25
Refil Filtro Compatível Purificador Consul Facilite Acqua Cs,39.8
Vodka Japonesa Haku 700ml,69.9
Vinho Alambre Moscatel De Setúbal - 750ml,127.41
Vinho Chileno Origem Carménère Casa Valduga 750ml,52.42
Gin Theros Dry 1 L,29.9
Kit Cerveja Paulistânia Marco Zero 2 Garrafas 500ml + Taça,114.7
Vinho Chileno Rosé Santa Alba Cabernet Sauvignon 750ml,27.2
Vinho Francês Tinto Cabernet Sauvignon e Syrah JP Chenet 750ml,89.99
Gin London Dry Beg 750ml,91.33
Kit Presente Pai Cervejeiro Degustação Artesanal 6x Premiada,141.75
Vinho Português Ciconia Alentejo Tinto 375ml,34.95
Tequila Tequiloka Gold / Silver Bebida Mista 1000ml Tipo Gold,32.1
Cerveja Lohn Catharina Sour Café E Framboesa 355ml,15.5
Vinho Argentino Argento Pinot Grigio 750ml  ,57.99
Licor Limoncello Villa Massa 700ml,153.9
Vinho Branco Devil´s Collection 750ml Casillero Del Diablo,54.74
Vinho Argentino Master Fan Grill Chardonnay-chenin  750ml,19.95
Cachaça Engenho São Luiz Premium Carvalho 600 Ml,81.91
Cerveja La Trappe Witte 750ml,101.91
Vinho Chileno Libertas Syrah Tinto 750ml 2019,24.9
Gin Flowers Garrafa 750ml,41.79
Niple De Redução De 3/4  Para 1/2  -  Inox,174.7
Preparado P/ Bebidas Morango C/ Pitaya Easy Drinks 15x100grs,134.99
Licor Português Amendoeirinha-amendoa Amarga 700 Ml,76.99
"Vinho De Mesa Halberth Branco Niágara Suave Garrafão 4,55 L",61.63
Cachaça Germana Palha Premium 1 Litro,99.9
Vinho Chileno Rose Adobe Reserva Emiliana 750ml,61.63
Suco Funcional De Cranberry Sem Açúcar Juxx 1l,12.49
Cachaça Serra Das Almas Prata 670ml,49.9
Kit 15 Cervejas Artesanais Low Carb - Bruder Alma Cevada,194.22
Vinho Tinto De Mesa Halberth Bordô Seco 750ml,18.89
Vodka Sueca Absolut Original - 750ml,69.9
Suco de uva e maçã  Natural One  Ambiente sem glúten 900 ml ,9.49
Cerveja Leopoldina Russian Imperial Stout 750ml,66.99
Cachaça Cabaré Fire 1l 6 Unidades,225.1
Chopp De Vinho Grapefruit Draft Tinto Garrafa 600ml,10.9
Kit 3 Mini Espumantes Monte Paschoal Moscatel Suave 187 Ml,49.71
Sake Saque Seco Culinário Azuma Chef 500ml ,22.18
Inox - Niple Duplo 1/2 ,22.57
Vinho Nacional Branco Suave Chalise 750ml,15.9
Gin Nacional Silver Seager's 750ml,63.99
Vinho Espumante Branco Doce Moscatel Casa Perini C/nfe,45.6
Cerveja Leopoldina Session Pale Ale 500ml,23.99
Licor Peachtree 700 Ml,169.9
Vinho Argentino Cordero Con Piel De Lobo Malbec 750ml,49.9
Vinho Rosé Francês Sea Sun By Rosé Piscine - 750ml,79.99
Vodka Destilada Saborizada Grey Goose Le Citron Garrafa 750ml,138.68
Cerveja Konig Pilsener Lata,22.16
Espumante Brasileiro Quinta do Morgado Moscatel Serra Gaúcha Garrafa 187ml,18.89
Gin Bulldog London Dry 750 mL,131.9
Pack Cerveja Skol Lata 350ml Com 12 Unidades,38.29
Vinho Tinto Africano Lyngrove Reserve Shyraz/pinotage 750ml,96.9
Licor Creme Cassis Jean de Dijon Garrafa 700ml,65.9
Vinho Emiliana Adobe Branco Gewurz 750ml,67.14
Presente De Aniversário Criativo Para Homem Cervejas Premium,159.9
Vodka Francesa Cîroc Garrafa 750ml,29.9
Vinho Português Rosé Quinta De Bons Ventos 375ml,29.9
Shake Pó para Redução de Peso Chocolate Linea Caixa 330g,29.92
Leite De Coco Em Pó 500g,52.9
Cachaça de Frutas Vermelhas Babuxca 700ml,38.94
Heineken Long Neck - 6 Unidades,56.69
Licor Stock Creme Cassis Garrafa 720ml,119.77
Conhaque Brandy De Jerez Fundador Solera Reserva 750ml C/nfe,6.85
Cerveja Cerpa Export Long Neck 350ml,39.89
Vinho Tinto Chileno Molinero Pinot Noir Reserva 750 Ml,279.93
Vodka Noble Russian 700ml Beluga,43.99
Vinho Tinto Seco Reserva Aurora Tannat Serra Gaúcha 750 Ml,24.69
Cerveja Dinamarquesa Faxe Ipa Lata 500ml,26.9
Cachaça Weber Haus Extra Premium 5 Anos Solera - 750ml ,6.89
Vinho Brasileiro Branco Frisante Demi-Sec Lunae Serra Gaúcha Garrafa 750ml,47.92
Refrigerante Pepsi Twist Garrafa 2l,43.9
Vinho Italiano Tinto Frisante Suave Cavicchioli Lambrusco Dell'Emilia Garrafa 750ml,47.92
Kit Premium 2 Cachaça Cabaré Ouro E Prata+2 Copos+`petiscos,198.9
Xarope De Tangerina Mandarine Monin700ml,59.9
Cerveja Faxe American IPA lata 500ml,24.69
Licor Marie Brizard Cacao Brun 700ml,43.9
Vinho Gran Reservado Toro De Piedra Merlot 750ml,78.9
Vinho Tinto Argentino Cava Negra Malbec 2020 750ml Garrafa,39.6
Seagram's Gin Extra Dry Americano 750ml,61.69
Cerveja Eisenbahn Pilsen 269ml 12 Unidades,40.68
Vinho Miolo Terranova Branco Ou Tinto Seco Box 5 Litros,119.9
12 Sake Saque Seco Azuma Kirin 600ml Comum Garrafa Atacado,175.61
Pack Refrigerante Pepsi Lata 350ml 12 Unidades,27.99
Pack Cerveja Amstel Ultra 269ml Com 12 Unidades,49.05
Vodka Destilada Saborizada La Poire Garrafa 750ml Grey Goose,138.68
Vinho Putos Carmim Alentejo Doc Tinto 750ml,54.9
Coquetel Alcoólico Marula Capricho Garrafa 880ml,212.49
Licor Fino Alemão Jagermeister 700 Ml - Imediato,41.85
Pack Cerveja Brahma Chopp Lata 269ml - 15 Unidades,52.22
Vinho Argentino Cordero Con Piel De Lobo Torrontés 750ml,54.75
Cachaça Prosa Mineira Carvalho 700ml,59.9
Kit Cerveja Leuven (taça Royal + Ipa Dragon 500ml),193.51
Vinho Alfonso Jerez Oloroso Gonzales Byass 750ml,109.75
Kit Caipirinha Steinhager 900ml,7.89
Energético Monster Absolutely Zero Lata 473ml,29.39
Vinho Tinto Chileno Longitud Classic Terroir Carménère 750ml,39.9
Gin Rock's Sunset Doce 1 L,10.9
Cerveja Ipa Roleta Russa 355ml,29.9
Vinho Branco Chileno Santa Rita Tres Medallas Sauvignon Blanc 750ml,33.99
"Bebida Coreana Soju Jinro Is Black 16,5% Original 360ml",29.39
Cerveja Belga Vedett White Garrafa 330ml,26.99
Cooler Góes Uva Vinho Tinto 750ml Garrafa Original,323.22
Tequila Blanco 750ml Don Julio,42.98
Vinho Brasileiro Tinto Seco Casa Perini Cabernet Sauvignon Serra Gaúcha Garrafa 750ml,21.9
Cerveja Alemã Hefe Weissbier Sem Álcool 500ml Paulaner,42.58
Cachaça Serra Das Almas Ouro Orgânica Bahia Garrafa 670 Ml,57.9
Pack Vinho Brasileiro Rosé Seco Vivant Syrah Pinot Noir Lata 4 Unidades 269ml Cada,26.99
Vinho Bodega Privada Red Blend Bornada Malbec Tinto 750ml ,11.5
Copinho Café Cafezinho Chá Descartavel Plástico 100 Unidades,20.88
Cachaça Jamel Ouro Garrafa De Vidro 900ml,29.74
Cerveja Uruguaia Norteña 960ml Importada Envio Imediato,12.55
Vinho Branco Seco Dom Bosco Serra Gaúcha Garrafa 750ml,47.9
Cachaça Bálsamo Salinas Garrafa 700ml,6.99
Cerveja Pilsen Long Neck 355ml Imigração,19.9
Vodka 5x Destilada Intencion Garrafa 900ml,39.9
Espumante Brasileiro Rosé Brut Chandon Baby Chardonnay Serra Gaúcha Garrafa 187ml,22.89
Aguardente de Cana Prata Ypióca Garrafa 965ml,52.42
Vinho Brasileiro Tinto Seco Origem Merlot Vale dos Vinhedos Garrafa 750ml,20.75
